x,y,z,ecm
-540,-540,0,0.212500
-520,-540,0,0.395000
-500,-540,0,0.932500
-480,-540,0,1.33500
-460,-540,0,2.05500
-440,-540,0,2.41250
-420,-540,0,2.06500
-400,-540,0,2.23500
-380,-540,0,2.29500
-360,-540,0,2.62250
-340,-540,0,2.31250
-320,-540,0,1.63000
-300,-540,0,1.16000
-280,-540,0,1.82000
-260,-540,0,2.04250
-240,-540,0,2.74750
-220,-540,0,1.42000
-200,-540,0,2.37500
-180,-540,0,2.99250
-160,-540,0,3.09500
-140,-540,0,1.35500
-120,-540,0,2.05500
-100,-540,0,1.94000
-80,-540,0,1.53750
-60,-540,0,1.57000
-40,-540,0,1.78000
-20,-540,0,0.967500
0,-540,0,1.05500
20,-540,0,2.18000
40,-540,0,2.62500
60,-540,0,2.30500
80,-540,0,3.36250
100,-540,0,3.56500
120,-540,0,3.00750
140,-540,0,4.17500
160,-540,0,2.31750
180,-540,0,2.86500
200,-540,0,2.95250
220,-540,0,2.21750
240,-540,0,2.03750
260,-540,0,1.80500
280,-540,0,1.82250
300,-540,0,2.23500
320,-540,0,1.67250
340,-540,0,2.47500
360,-540,0,1.74000
380,-540,0,2.64750
400,-540,0,2.28250
420,-540,0,3.04500
440,-540,0,2.79000
460,-540,0,2.35250
480,-540,0,2.94750
500,-540,0,2.61250
520,-540,0,3.38750
540,-540,0,3.04250
-540,-520,0,0.822500
-520,-520,0,1.07500
-500,-520,0,1.02500
-480,-520,0,1.19250
-460,-520,0,2.47250
-440,-520,0,1.88000
-420,-520,0,1.52750
-400,-520,0,0.740000
-380,-520,0,1.72000
-360,-520,0,1.23250
-340,-520,0,1.97500
-320,-520,0,1.90250
-300,-520,0,1.19750
-280,-520,0,2.38500
-260,-520,0,1.85750
-240,-520,0,2.37500
-220,-520,0,2.09750
-200,-520,0,2.20500
-180,-520,0,3.28500
-160,-520,0,1.73250
-140,-520,0,1.39750
-120,-520,0,1.91500
-100,-520,0,2.39000
-80,-520,0,2.06750
-60,-520,0,2.20000
-40,-520,0,1.64000
-20,-520,0,2.69250
0,-520,0,2.14000
20,-520,0,2.32000
40,-520,0,2.70250
60,-520,0,2.79000
80,-520,0,2.79750
100,-520,0,5.03250
120,-520,0,3.40250
140,-520,0,4.12750
160,-520,0,2.85250
180,-520,0,2.85250
200,-520,0,3.66250
220,-520,0,3.08250
240,-520,0,3.52250
260,-520,0,1.58250
280,-520,0,2.17500
300,-520,0,2.28750
320,-520,0,2.80500
340,-520,0,3.12500
360,-520,0,2.75500
380,-520,0,3.79000
400,-520,0,2.69000
420,-520,0,2.98250
440,-520,0,4.46000
460,-520,0,2.66000
480,-520,0,3.16250
500,-520,0,2.00250
520,-520,0,3.67250
540,-520,0,3.72750
-540,-500,0,1.25000
-520,-500,0,0.870000
-500,-500,0,1.02000
-480,-500,0,2.62250
-460,-500,0,2.19500
-440,-500,0,1.13500
-420,-500,0,0.220000
-400,-500,0,1.16750
-380,-500,0,1.96250
-360,-500,0,0.647500
-340,-500,0,1.26500
-320,-500,0,1.35000
-300,-500,0,1.78750
-280,-500,0,1.74500
-260,-500,0,2.53000
-240,-500,0,2.79750
-220,-500,0,2.41750
-200,-500,0,2.02750
-180,-500,0,2.38750
-160,-500,0,2.01000
-140,-500,0,2.05000
-120,-500,0,2.87250
-100,-500,0,2.94750
-80,-500,0,3.27250
-60,-500,0,2.05000
-40,-500,0,2.74250
-20,-500,0,2.21750
0,-500,0,2.33000
20,-500,0,2.48500
40,-500,0,2.82000
60,-500,0,2.26000
80,-500,0,2.11750
100,-500,0,3.22750
120,-500,0,3.44250
140,-500,0,4.52500
160,-500,0,3.15500
180,-500,0,4.62500
200,-500,0,2.97500
220,-500,0,3.06500
240,-500,0,2.60750
260,-500,0,2.33750
280,-500,0,3.20000
300,-500,0,3.19500
320,-500,0,3.17500
340,-500,0,3.87500
360,-500,0,4.12000
380,-500,0,4.28500
400,-500,0,3.14750
420,-500,0,3.07250
440,-500,0,2.91750
460,-500,0,3.30000
480,-500,0,2.36250
500,-500,0,1.79500
520,-500,0,2.22500
540,-500,0,1.24250
-540,-480,0,1.21000
-520,-480,0,0.745000
-500,-480,0,1.70750
-480,-480,0,1.78500
-460,-480,0,2.39750
-440,-480,0,0.900000
-420,-480,0,0.360000
-400,-480,0,1.85000
-380,-480,0,1.08750
-360,-480,0,0.0925000
-340,-480,0,0.735000
-320,-480,0,1.58500
-300,-480,0,2.51500
-280,-480,0,3.49750
-260,-480,0,3.37000
-240,-480,0,2.21500
-220,-480,0,3.54500
-200,-480,0,2.32250
-180,-480,0,2.11750
-160,-480,0,3.04750
-140,-480,0,2.54250
-120,-480,0,2.71500
-100,-480,0,3
-80,-480,0,2.66000
-60,-480,0,2.67750
-40,-480,0,2.26000
-20,-480,0,2.65250
0,-480,0,2.29750
20,-480,0,2.56750
40,-480,0,2.57750
60,-480,0,3.23000
80,-480,0,3.67000
100,-480,0,2.92500
120,-480,0,3.55000
140,-480,0,4.79000
160,-480,0,3.51750
180,-480,0,3.27750
200,-480,0,2.32500
220,-480,0,2.40250
240,-480,0,2.24250
260,-480,0,2.76500
280,-480,0,3.23750
300,-480,0,2.67750
320,-480,0,3.38750
340,-480,0,3.45750
360,-480,0,3.50750
380,-480,0,3.11250
400,-480,0,3.09750
420,-480,0,2.74000
440,-480,0,2.90000
460,-480,0,3.08000
480,-480,0,3.34500
500,-480,0,2.11750
520,-480,0,1.08750
540,-480,0,1.94250
-540,-460,0,1.18500
-520,-460,0,0.945000
-500,-460,0,1.94250
-480,-460,0,1.66250
-460,-460,0,1.35000
-440,-460,0,0.275000
-420,-460,0,0.342500
-400,-460,0,1.89750
-380,-460,0,0.185000
-360,-460,0,0.262500
-340,-460,0,1.87500
-320,-460,0,1.83750
-300,-460,0,2.27000
-280,-460,0,2.28750
-260,-460,0,2.96250
-240,-460,0,2.27000
-220,-460,0,2.13500
-200,-460,0,2.86750
-180,-460,0,2.40000
-160,-460,0,2.10250
-140,-460,0,2.68250
-120,-460,0,1.96750
-100,-460,0,1.88000
-80,-460,0,2.33000
-60,-460,0,2.57750
-40,-460,0,2.73500
-20,-460,0,1.99500
0,-460,0,2.32500
20,-460,0,2.75250
40,-460,0,1.85250
60,-460,0,3.03250
80,-460,0,2.60750
100,-460,0,2.39000
120,-460,0,2.88250
140,-460,0,2.65250
160,-460,0,3.27250
180,-460,0,3.57000
200,-460,0,2.69250
220,-460,0,1.29000
240,-460,0,1.85000
260,-460,0,3.13500
280,-460,0,2.64250
300,-460,0,3.27250
320,-460,0,2.28250
340,-460,0,2.98250
360,-460,0,3.08750
380,-460,0,2.49250
400,-460,0,2.49000
420,-460,0,2.68500
440,-460,0,1.88500
460,-460,0,2.50750
480,-460,0,2.57250
500,-460,0,1.77750
520,-460,0,1.39500
540,-460,0,3.05250
-540,-440,0,0.682500
-520,-440,0,1.84750
-500,-440,0,3.12250
-480,-440,0,2.06250
-460,-440,0,1.28750
-440,-440,0,1.62250
-420,-440,0,1.57500
-400,-440,0,1.15250
-380,-440,0,1.82000
-360,-440,0,2.24750
-340,-440,0,2.78250
-320,-440,0,3.04250
-300,-440,0,2.29000
-280,-440,0,2.82250
-260,-440,0,1.96500
-240,-440,0,1.71250
-220,-440,0,1.65000
-200,-440,0,1.70500
-180,-440,0,1.90250
-160,-440,0,2.26500
-140,-440,0,2.09500
-120,-440,0,1.61500
-100,-440,0,1.37250
-80,-440,0,1.23000
-60,-440,0,1.87000
-40,-440,0,1.59250
-20,-440,0,2.16500
0,-440,0,1.71250
20,-440,0,1.62750
40,-440,0,3.12500
60,-440,0,2.28750
80,-440,0,2.12000
100,-440,0,2.78250
120,-440,0,3.19000
140,-440,0,2.61000
160,-440,0,5.09000
180,-440,0,2.41000
200,-440,0,2.59000
220,-440,0,2.19750
240,-440,0,3.06500
260,-440,0,2.17250
280,-440,0,2.41250
300,-440,0,2.31000
320,-440,0,2.02000
340,-440,0,2.35000
360,-440,0,1.91250
380,-440,0,2.93250
400,-440,0,1.84000
420,-440,0,2.03500
440,-440,0,2.04750
460,-440,0,2.23500
480,-440,0,2.25750
500,-440,0,1.70000
520,-440,0,1.16000
540,-440,0,1.75500
-540,-420,0,1.50500
-520,-420,0,2.15500
-500,-420,0,2.99750
-480,-420,0,2.59250
-460,-420,0,1.95000
-440,-420,0,2.32000
-420,-420,0,2.04250
-400,-420,0,2.15000
-380,-420,0,1.89500
-360,-420,0,2.55750
-340,-420,0,3.12750
-320,-420,0,2.52750
-300,-420,0,2.75000
-280,-420,0,1.78500
-260,-420,0,2.08000
-240,-420,0,2.55500
-220,-420,0,1.99250
-200,-420,0,1.82500
-180,-420,0,1.93750
-160,-420,0,2.78500
-140,-420,0,1.71250
-120,-420,0,1.78500
-100,-420,0,1.77250
-80,-420,0,2.19500
-60,-420,0,2.66250
-40,-420,0,2.08500
-20,-420,0,2.19500
0,-420,0,1.54750
20,-420,0,2.51750
40,-420,0,2.64750
60,-420,0,2.77750
80,-420,0,1.74500
100,-420,0,2.35250
120,-420,0,2.45000
140,-420,0,2.73000
160,-420,0,2.93750
180,-420,0,3.94000
200,-420,0,4.10750
220,-420,0,2.90250
240,-420,0,3.10000
260,-420,0,2.83250
280,-420,0,2.73000
300,-420,0,1.44500
320,-420,0,3.17000
340,-420,0,3.49500
360,-420,0,3.39000
380,-420,0,3.75750
400,-420,0,3.59500
420,-420,0,1.97000
440,-420,0,1.69750
460,-420,0,1.63250
480,-420,0,1.90000
500,-420,0,1.63000
520,-420,0,1.72000
540,-420,0,1.72500
-540,-400,0,1.90500
-520,-400,0,2.12250
-500,-400,0,2.95000
-480,-400,0,3.14750
-460,-400,0,1.71000
-440,-400,0,2.39000
-420,-400,0,2.43250
-400,-400,0,3.01750
-380,-400,0,3.59750
-360,-400,0,2.75250
-340,-400,0,3.39250
-320,-400,0,2.59250
-300,-400,0,2.43500
-280,-400,0,1.59750
-260,-400,0,1.99250
-240,-400,0,2.20750
-220,-400,0,1.86250
-200,-400,0,2.95500
-180,-400,0,2.07250
-160,-400,0,0.347500
-140,-400,0,0.360000
-120,-400,0,0.280000
-100,-400,0,0.210000
-80,-400,0,0.440000
-60,-400,0,0.520000
-40,-400,0,1.71750
-20,-400,0,2.06500
0,-400,0,2.28750
20,-400,0,2.06000
40,-400,0,2.83750
60,-400,0,2.51500
80,-400,0,2.46750
100,-400,0,2.73250
120,-400,0,2.30000
140,-400,0,2.72750
160,-400,0,2.78500
180,-400,0,2.69250
200,-400,0,3.56750
220,-400,0,3.26000
240,-400,0,3.21250
260,-400,0,1.69500
280,-400,0,2.70750
300,-400,0,3.36500
320,-400,0,2.92750
340,-400,0,2.26750
360,-400,0,2.59250
380,-400,0,2.85000
400,-400,0,2.18000
420,-400,0,1.97000
440,-400,0,1.83250
460,-400,0,1.19750
480,-400,0,2.20500
500,-400,0,2.22750
520,-400,0,1.75250
540,-400,0,2.00750
-540,-380,0,1.84500
-520,-380,0,3.32000
-500,-380,0,3.72250
-480,-380,0,1.39000
-460,-380,0,1.11500
-440,-380,0,2.12750
-420,-380,0,2.71250
-400,-380,0,2.86250
-380,-380,0,2.63750
-360,-380,0,2.71500
-340,-380,0,2.34500
-320,-380,0,1.67750
-300,-380,0,2.39250
-280,-380,0,2.09500
-260,-380,0,2.15500
-240,-380,0,1.65250
-220,-380,0,2.63750
-200,-380,0,2.21750
-180,-380,0,0.365000
-160,-380,0,0.467500
-140,-380,0,0.502500
-120,-380,0,0.260000
-100,-380,0,0.630000
-80,-380,0,0.777500
-60,-380,0,0.310000
-40,-380,0,0.970000
-20,-380,0,2.33750
0,-380,0,2.68250
20,-380,0,1.77000
40,-380,0,1.87500
60,-380,0,1.36750
80,-380,0,1.97250
100,-380,0,2.07000
120,-380,0,3.29250
140,-380,0,2.07000
160,-380,0,1.48000
180,-380,0,3.58250
200,-380,0,3.56250
220,-380,0,3.18500
240,-380,0,3.14250
260,-380,0,3.21500
280,-380,0,3.47250
300,-380,0,2.77000
320,-380,0,2.75250
340,-380,0,2.28250
360,-380,0,1.89250
380,-380,0,1.58500
400,-380,0,1.83000
420,-380,0,2.29750
440,-380,0,1.64000
460,-380,0,2.27250
480,-380,0,2.25500
500,-380,0,2.29250
520,-380,0,2.67750
540,-380,0,2.34000
-540,-360,0,3.71000
-520,-360,0,1.71000
-500,-360,0,1.56000
-480,-360,0,2.70000
-460,-360,0,2.39000
-440,-360,0,2.66000
-420,-360,0,2.35250
-400,-360,0,1.81750
-380,-360,0,1.91000
-360,-360,0,2.26000
-340,-360,0,2.24250
-320,-360,0,2.17250
-300,-360,0,2.07000
-280,-360,0,1.84000
-260,-360,0,2.25000
-240,-360,0,1.83250
-220,-360,0,2.37000
-200,-360,0,0.367500
-180,-360,0,0.350000
-160,-360,0,0.310000
-140,-360,0,0.262500
-120,-360,0,0.282500
-100,-360,0,0.292500
-80,-360,0,0.347500
-60,-360,0,0.337500
-40,-360,0,0.655000
-20,-360,0,1.77500
0,-360,0,2.18500
20,-360,0,2.24500
40,-360,0,2.46750
60,-360,0,1.68000
80,-360,0,2.44250
100,-360,0,3.14500
120,-360,0,2.12500
140,-360,0,1.05250
160,-360,0,1.51750
180,-360,0,2.17250
200,-360,0,3.11750
220,-360,0,3.22250
240,-360,0,2.77000
260,-360,0,1.65500
280,-360,0,1.81250
300,-360,0,1.53750
320,-360,0,2.19000
340,-360,0,1.90250
360,-360,0,1.41000
380,-360,0,1.82500
400,-360,0,2.35500
420,-360,0,2.49000
440,-360,0,2.30500
460,-360,0,2.19000
480,-360,0,3.15750
500,-360,0,2.63750
520,-360,0,2.69000
540,-360,0,3.03500
-540,-340,0,2.64500
-520,-340,0,2.30500
-500,-340,0,2.14750
-480,-340,0,1.82500
-460,-340,0,2.27000
-440,-340,0,1.50500
-420,-340,0,0.435000
-400,-340,0,0.240000
-380,-340,0,0.240000
-360,-340,0,0.792500
-340,-340,0,2.55000
-320,-340,0,2.22750
-300,-340,0,1.67250
-280,-340,0,1.72750
-260,-340,0,2.86500
-240,-340,0,3.57000
-220,-340,0,1.83250
-200,-340,0,0.257500
-180,-340,0,0.307500
-160,-340,0,0.447500
-140,-340,0,0.285000
-120,-340,0,0.332500
-100,-340,0,0.297500
-80,-340,0,0.392500
-60,-340,0,0.302500
-40,-340,0,0.957500
-20,-340,0,2.49250
0,-340,0,2.43750
20,-340,0,2.22750
40,-340,0,1.96500
60,-340,0,2.78500
80,-340,0,2.37500
100,-340,0,3.29250
120,-340,0,3.16250
140,-340,0,3.31500
160,-340,0,3.34000
180,-340,0,4.98000
200,-340,0,3.74750
220,-340,0,2.60750
240,-340,0,3.10500
260,-340,0,2.63250
280,-340,0,1.35000
300,-340,0,2.06000
320,-340,0,2.07500
340,-340,0,1.82000
360,-340,0,2.55000
380,-340,0,2.15500
400,-340,0,1.64000
420,-340,0,2.37750
440,-340,0,3.07000
460,-340,0,3.20250
480,-340,0,3.39250
500,-340,0,2.70000
520,-340,0,2.38500
540,-340,0,2.20000
-540,-320,0,2.18250
-520,-320,0,2.20250
-500,-320,0,1.61250
-480,-320,0,1.93750
-460,-320,0,1.06500
-440,-320,0,0.665000
-420,-320,0,0.355000
-400,-320,0,0.250000
-380,-320,0,0.545000
-360,-320,0,0.260000
-340,-320,0,1.03750
-320,-320,0,2.07250
-300,-320,0,1.29500
-280,-320,0,1.67500
-260,-320,0,1.90250
-240,-320,0,2.40250
-220,-320,0,0.410000
-200,-320,0,0.267500
-180,-320,0,0.310000
-160,-320,0,0.265000
-140,-320,0,0.397500
-120,-320,0,0.712500
-100,-320,0,0.300000
-80,-320,0,0.350000
-60,-320,0,0.355000
-40,-320,0,2.89750
-20,-320,0,2.23750
0,-320,0,2.00250
20,-320,0,2.39000
40,-320,0,2.37250
60,-320,0,2.93500
80,-320,0,2.60500
100,-320,0,2.31750
120,-320,0,2.69000
140,-320,0,4.26500
160,-320,0,4.27750
180,-320,0,3.76750
200,-320,0,4.38500
220,-320,0,2.83750
240,-320,0,3.22500
260,-320,0,1.59250
280,-320,0,2.79250
300,-320,0,1.84750
320,-320,0,3.18000
340,-320,0,3.12000
360,-320,0,3.66250
380,-320,0,3.04750
400,-320,0,2.97250
420,-320,0,3
440,-320,0,2.87250
460,-320,0,2.98750
480,-320,0,2.79750
500,-320,0,2.38500
520,-320,0,1.83250
540,-320,0,2.31250
-540,-300,0,1.66000
-520,-300,0,0.972500
-500,-300,0,1.34500
-480,-300,0,0.352500
-460,-300,0,0.307500
-440,-300,0,0.245000
-420,-300,0,0.352500
-400,-300,0,0.435000
-380,-300,0,0.290000
-360,-300,0,0.332500
-340,-300,0,0.612500
-320,-300,0,1.44750
-300,-300,0,1.59750
-280,-300,0,1.66000
-260,-300,0,2.56000
-240,-300,0,1.49500
-220,-300,0,0.242500
-200,-300,0,0.345000
-180,-300,0,0.380000
-160,-300,0,0.357500
-140,-300,0,0.442500
-120,-300,0,0.410000
-100,-300,0,0.267500
-80,-300,0,0.647500
-60,-300,0,0.690000
-40,-300,0,2.86500
-20,-300,0,1.97250
0,-300,0,2.07250
20,-300,0,2.69750
40,-300,0,3.85750
60,-300,0,2.29750
80,-300,0,2.44500
100,-300,0,2.20000
120,-300,0,2.03250
140,-300,0,2.40750
160,-300,0,2.58500
180,-300,0,2.94750
200,-300,0,4.48250
220,-300,0,3.04750
240,-300,0,3.07500
260,-300,0,2.94000
280,-300,0,2.98500
300,-300,0,2.21000
320,-300,0,2.01000
340,-300,0,2.80750
360,-300,0,2.48750
380,-300,0,2.02750
400,-300,0,1.70000
420,-300,0,2.34500
440,-300,0,2.60750
460,-300,0,2.75250
480,-300,0,2.51750
500,-300,0,2.87250
520,-300,0,1.83000
540,-300,0,2.19250
-540,-280,0,1.46500
-520,-280,0,1.70250
-500,-280,0,1.11000
-480,-280,0,0.232500
-460,-280,0,0.257500
-440,-280,0,0.287500
-420,-280,0,0.282500
-400,-280,0,0.215000
-380,-280,0,0.287500
-360,-280,0,0.297500
-340,-280,0,1.00250
-320,-280,0,1.34250
-300,-280,0,1.47750
-280,-280,0,2.45750
-260,-280,0,2.31500
-240,-280,0,2.14500
-220,-280,0,0.300000
-200,-280,0,0.365000
-180,-280,0,0.507500
-160,-280,0,0.300000
-140,-280,0,0.597500
-120,-280,0,0.347500
-100,-280,0,0.280000
-80,-280,0,0.807500
-60,-280,0,2.45500
-40,-280,0,2.31750
-20,-280,0,1.37500
0,-280,0,2.38000
20,-280,0,2.87750
40,-280,0,2.21500
60,-280,0,2.19000
80,-280,0,2.17000
100,-280,0,1.96500
120,-280,0,2.56250
140,-280,0,3.92000
160,-280,0,3.34000
180,-280,0,3.78250
200,-280,0,4.26000
220,-280,0,4.11500
240,-280,0,2.96000
260,-280,0,4.47250
280,-280,0,2.94750
300,-280,0,1.60750
320,-280,0,2.88750
340,-280,0,2.68250
360,-280,0,3.13250
380,-280,0,2.15000
400,-280,0,2.36500
420,-280,0,1.76250
440,-280,0,2.59250
460,-280,0,2.56750
480,-280,0,2.46500
500,-280,0,1.98000
520,-280,0,1.72750
540,-280,0,1.66000
-540,-260,0,2.92750
-520,-260,0,2.67500
-500,-260,0,1.07500
-480,-260,0,0.345000
-460,-260,0,0.705000
-440,-260,0,0.345000
-420,-260,0,0.395000
-400,-260,0,0.215000
-380,-260,0,0.660000
-360,-260,0,1.00250
-340,-260,0,1.56000
-320,-260,0,1.74500
-300,-260,0,1.61000
-280,-260,0,2.12500
-260,-260,0,2.24750
-240,-260,0,2.52250
-220,-260,0,1.53000
-200,-260,0,0.797500
-180,-260,0,0.307500
-160,-260,0,0.300000
-140,-260,0,0.790000
-120,-260,0,0.745000
-100,-260,0,1.71750
-80,-260,0,2.38750
-60,-260,0,2.84500
-40,-260,0,3.44250
-20,-260,0,3.58500
0,-260,0,2.39250
20,-260,0,3.11750
40,-260,0,2.25750
60,-260,0,2.35750
80,-260,0,2.54000
100,-260,0,2.07250
120,-260,0,1.92250
140,-260,0,4.54000
160,-260,0,4.04500
180,-260,0,3.31750
200,-260,0,3.87000
220,-260,0,2.77750
240,-260,0,4.44750
260,-260,0,1.85250
280,-260,0,1.45250
300,-260,0,2.64000
320,-260,0,2.23000
340,-260,0,1.65250
360,-260,0,1.90250
380,-260,0,2.76750
400,-260,0,2.64750
420,-260,0,2.07000
440,-260,0,1.95250
460,-260,0,1.91750
480,-260,0,2.65750
500,-260,0,2.08500
520,-260,0,1.56500
540,-260,0,2.02500
-540,-240,0,2.11250
-520,-240,0,1.10250
-500,-240,0,1.73000
-480,-240,0,0.502500
-460,-240,0,0.230000
-440,-240,0,0.257500
-420,-240,0,0.237500
-400,-240,0,0.295000
-380,-240,0,0.847500
-360,-240,0,1.72500
-340,-240,0,1.47000
-320,-240,0,1.11250
-300,-240,0,2.38250
-280,-240,0,2.21250
-260,-240,0,2.10750
-240,-240,0,1.97500
-220,-240,0,2.06750
-200,-240,0,2.23250
-180,-240,0,2.12250
-160,-240,0,2.69750
-140,-240,0,2.30250
-120,-240,0,2.43000
-100,-240,0,2.27500
-80,-240,0,2.25000
-60,-240,0,2.37500
-40,-240,0,2.27500
-20,-240,0,2.49500
0,-240,0,2.72750
20,-240,0,2.17750
40,-240,0,2.01500
60,-240,0,1.99250
80,-240,0,2.63000
100,-240,0,2.20500
120,-240,0,2.09750
140,-240,0,3.20500
160,-240,0,1.91750
180,-240,0,3.08750
200,-240,0,2.23500
220,-240,0,1.72250
240,-240,0,1.62500
260,-240,0,0.195000
280,-240,0,3.36500
300,-240,0,2.27000
320,-240,0,1.52750
340,-240,0,2.43500
360,-240,0,4.04000
380,-240,0,2.23500
400,-240,0,1.77000
420,-240,0,1.81750
440,-240,0,1.98500
460,-240,0,2.74250
480,-240,0,1.95750
500,-240,0,2.27750
520,-240,0,1.29000
540,-240,0,2.53500
-540,-220,0,0.525000
-520,-220,0,0.402500
-500,-220,0,0.620000
-480,-220,0,1.97500
-460,-220,0,1.43750
-440,-220,0,1.04000
-420,-220,0,1.25750
-400,-220,0,1.58250
-380,-220,0,2.29500
-360,-220,0,1.69500
-340,-220,0,1.51000
-320,-220,0,1.95500
-300,-220,0,1.98000
-280,-220,0,2.85500
-260,-220,0,2.05000
-240,-220,0,2.30750
-220,-220,0,1.83500
-200,-220,0,1.36000
-180,-220,0,1.62250
-160,-220,0,1.65500
-140,-220,0,2.23500
-120,-220,0,1.67000
-100,-220,0,0.922500
-80,-220,0,1.81750
-60,-220,0,1.75000
-40,-220,0,1.99750
-20,-220,0,2.37250
0,-220,0,2.83000
20,-220,0,1.73000
40,-220,0,1.56000
60,-220,0,2.37250
80,-220,0,1.68000
100,-220,0,3.05750
120,-220,0,2.82750
140,-220,0,1.60750
160,-220,0,2.31000
180,-220,0,3.88500
200,-220,0,2.43250
220,-220,0,1.41750
240,-220,0,1.14000
260,-220,0,3.77500
280,-220,0,3.01750
300,-220,0,2.33500
320,-220,0,2.39000
340,-220,0,1.90000
360,-220,0,1.99250
380,-220,0,1.96000
400,-220,0,2.06500
420,-220,0,2.97250
440,-220,0,3.57500
460,-220,0,3.09750
480,-220,0,2.68000
500,-220,0,2.01750
520,-220,0,1.83000
540,-220,0,1.38250
-540,-200,0,0.667500
-520,-200,0,0.575000
-500,-200,0,0.597500
-480,-200,0,2.28250
-460,-200,0,2.58750
-440,-200,0,1.91500
-420,-200,0,1.54500
-400,-200,0,1.65750
-380,-200,0,1.72500
-360,-200,0,1.25750
-340,-200,0,0.992500
-320,-200,0,2.41750
-300,-200,0,2.45250
-280,-200,0,2.90750
-260,-200,0,2.16750
-240,-200,0,2.16500
-220,-200,0,2.71250
-200,-200,0,1.41250
-180,-200,0,1.33500
-160,-200,0,0.982500
-140,-200,0,2.10500
-120,-200,0,1.68000
-100,-200,0,2.01500
-80,-200,0,2.02500
-60,-200,0,1.56000
-40,-200,0,1.35500
-20,-200,0,2.20500
0,-200,0,2.24500
20,-200,0,1.66000
40,-200,0,1.43250
60,-200,0,1.70250
80,-200,0,3.13750
100,-200,0,3.46250
120,-200,0,2.05750
140,-200,0,1.96000
160,-200,0,2.21500
180,-200,0,2.40000
200,-200,0,3.19000
220,-200,0,0.807500
240,-200,0,2.39500
260,-200,0,3.84750
280,-200,0,2.74250
300,-200,0,2.16000
320,-200,0,2.41250
340,-200,0,2.53750
360,-200,0,2.74500
380,-200,0,2.54500
400,-200,0,1.98250
420,-200,0,1.88500
440,-200,0,2.69500
460,-200,0,3.19000
480,-200,0,2.63750
500,-200,0,1.52250
520,-200,0,1.43000
540,-200,0,1.96250
-540,-180,0,1.79500
-520,-180,0,0.792500
-500,-180,0,1.42500
-480,-180,0,1.71000
-460,-180,0,2.05750
-440,-180,0,1.94250
-420,-180,0,1.76750
-400,-180,0,1.56750
-380,-180,0,1.48750
-360,-180,0,1.71500
-340,-180,0,1.19000
-320,-180,0,1.93000
-300,-180,0,2.37500
-280,-180,0,2.14750
-260,-180,0,2.12750
-240,-180,0,2.92250
-220,-180,0,1.16250
-200,-180,0,0.802500
-180,-180,0,0.942500
-160,-180,0,1.40500
-140,-180,0,1.69500
-120,-180,0,2.63250
-100,-180,0,1.11000
-80,-180,0,1.82500
-60,-180,0,1.36750
-40,-180,0,2.80250
-20,-180,0,2.26500
0,-180,0,1.24250
20,-180,0,1.34000
40,-180,0,1.35250
60,-180,0,2.42750
80,-180,0,1.78750
100,-180,0,3.22250
120,-180,0,2.12500
140,-180,0,1.49000
160,-180,0,1.52750
180,-180,0,2.25000
200,-180,0,5.23250
220,-180,0,2.52000
240,-180,0,3.61750
260,-180,0,3.80000
280,-180,0,3.64750
300,-180,0,3.19500
320,-180,0,2.57500
340,-180,0,2.30750
360,-180,0,1.83750
380,-180,0,2.46000
400,-180,0,1.39000
420,-180,0,2.74250
440,-180,0,2.52250
460,-180,0,1.19000
480,-180,0,2.00500
500,-180,0,2.74500
520,-180,0,2.46750
540,-180,0,3.52500
-540,-160,0,1.75250
-520,-160,0,1.83750
-500,-160,0,1.98250
-480,-160,0,1.78000
-460,-160,0,2.10750
-440,-160,0,1.91000
-420,-160,0,0.852500
-400,-160,0,2.10500
-380,-160,0,1.54500
-360,-160,0,0.677500
-340,-160,0,2.63250
-320,-160,0,1.70500
-300,-160,0,1.50750
-280,-160,0,3.14000
-260,-160,0,2.24750
-240,-160,0,1.83500
-220,-160,0,1.29250
-200,-160,0,1.53750
-180,-160,0,2.20000
-160,-160,0,2.29750
-140,-160,0,1.74500
-120,-160,0,2.30250
-100,-160,0,1.57750
-80,-160,0,1.45500
-60,-160,0,1.62750
-40,-160,0,1.66500
-20,-160,0,2.20750
0,-160,0,1.06250
20,-160,0,0.910000
40,-160,0,2.42750
60,-160,0,2.02500
80,-160,0,2.97000
100,-160,0,2.52250
120,-160,0,1.26250
140,-160,0,1.78250
160,-160,0,2.03250
180,-160,0,1.77750
200,-160,0,3.72500
220,-160,0,2.91750
240,-160,0,2.81000
260,-160,0,3.78500
280,-160,0,3.66250
300,-160,0,2.30750
320,-160,0,2.70250
340,-160,0,2.04250
360,-160,0,1.78250
380,-160,0,1.76500
400,-160,0,2.49750
420,-160,0,2.87750
440,-160,0,2.08000
460,-160,0,2.96500
480,-160,0,3.06000
500,-160,0,2.19500
520,-160,0,2.40500
540,-160,0,2.40750
-540,-140,0,1.81750
-520,-140,0,2.31250
-500,-140,0,2.33000
-480,-140,0,1.54500
-460,-140,0,1.87000
-440,-140,0,1.79000
-420,-140,0,1.21750
-400,-140,0,0.845000
-380,-140,0,1.71000
-360,-140,0,2.22500
-340,-140,0,2.02250
-320,-140,0,1.41250
-300,-140,0,1.97000
-280,-140,0,1.79250
-260,-140,0,1.96000
-240,-140,0,1.63500
-220,-140,0,1.27250
-200,-140,0,1.48000
-180,-140,0,1.96250
-160,-140,0,2.13750
-140,-140,0,2.09250
-120,-140,0,1.31000
-100,-140,0,1.54500
-80,-140,0,1.32750
-60,-140,0,1.15500
-40,-140,0,1.10250
-20,-140,0,1.02500
0,-140,0,1.35250
20,-140,0,2.16250
40,-140,0,1.64250
60,-140,0,2.38500
80,-140,0,2.80500
100,-140,0,2.16000
120,-140,0,0.935000
140,-140,0,2.02750
160,-140,0,3.41500
180,-140,0,2.11250
200,-140,0,2.24250
220,-140,0,2.32000
240,-140,0,3.51000
260,-140,0,3.05500
280,-140,0,3.75750
300,-140,0,2.26000
320,-140,0,1.52750
340,-140,0,1.94750
360,-140,0,2.15500
380,-140,0,1.67500
400,-140,0,2.44250
420,-140,0,1.82000
440,-140,0,1.73000
460,-140,0,2.71000
480,-140,0,2.43000
500,-140,0,2.30500
520,-140,0,2.96250
540,-140,0,2.28250
-540,-120,0,2.69500
-520,-120,0,2.14750
-500,-120,0,2.56500
-480,-120,0,2.40750
-460,-120,0,2.32500
-440,-120,0,2.47750
-420,-120,0,2.16250
-400,-120,0,1.99000
-380,-120,0,2.02250
-360,-120,0,2.36500
-340,-120,0,1.59250
-320,-120,0,2.30500
-300,-120,0,1.68500
-280,-120,0,2.27250
-260,-120,0,1.87250
-240,-120,0,2.03000
-220,-120,0,1.47500
-200,-120,0,0.730000
-180,-120,0,1.02250
-160,-120,0,2.51750
-140,-120,0,1.85000
-120,-120,0,2.27500
-100,-120,0,1.69250
-80,-120,0,1.02500
-60,-120,0,1.52500
-40,-120,0,1.62500
-20,-120,0,2.37250
0,-120,0,2.06250
20,-120,0,2.47000
40,-120,0,1.92000
60,-120,0,2.34500
80,-120,0,2.58250
100,-120,0,2.34000
120,-120,0,1.92000
140,-120,0,3
160,-120,0,2.93500
180,-120,0,2.24000
200,-120,0,2.55750
220,-120,0,3.30500
240,-120,0,3.07500
260,-120,0,2.80000
280,-120,0,2.63000
300,-120,0,2.36750
320,-120,0,2.13250
340,-120,0,2.35500
360,-120,0,2.54000
380,-120,0,1.86750
400,-120,0,2.41000
420,-120,0,2.83250
440,-120,0,1.88500
460,-120,0,3.65250
480,-120,0,2.75500
500,-120,0,4.06750
520,-120,0,3.04000
540,-120,0,2.66500
-540,-100,0,2.36000
-520,-100,0,2.41750
-500,-100,0,2.34750
-480,-100,0,2.39250
-460,-100,0,2.47750
-440,-100,0,2.01750
-420,-100,0,2.56000
-400,-100,0,2.31750
-380,-100,0,1.87500
-360,-100,0,1.38250
-340,-100,0,1.08000
-320,-100,0,1.49000
-300,-100,0,2.20000
-280,-100,0,1.78750
-260,-100,0,2.53500
-240,-100,0,1.37000
-220,-100,0,0.750000
-200,-100,0,1.28000
-180,-100,0,2.01250
-160,-100,0,1.67250
-140,-100,0,1.52500
-120,-100,0,1.60500
-100,-100,0,1.97500
-80,-100,0,1.71250
-60,-100,0,1.69500
-40,-100,0,1.37500
-20,-100,0,1.55000
0,-100,0,1.94500
20,-100,0,2.00500
40,-100,0,1.73000
60,-100,0,2.57000
80,-100,0,2.09250
100,-100,0,1.22750
120,-100,0,2.26250
140,-100,0,2.27750
160,-100,0,3.06750
180,-100,0,3.76000
200,-100,0,2.44500
220,-100,0,3.19750
240,-100,0,2.96000
260,-100,0,2.53750
280,-100,0,3.63750
300,-100,0,2.56500
320,-100,0,2.80750
340,-100,0,2.86500
360,-100,0,2.66750
380,-100,0,2.71500
400,-100,0,3.12500
420,-100,0,1.97000
440,-100,0,2.75250
460,-100,0,1.64750
480,-100,0,3.81750
500,-100,0,3.07000
520,-100,0,3.15500
540,-100,0,3.36000
-540,-80,0,2.50250
-520,-80,0,2.54000
-500,-80,0,2.20750
-480,-80,0,2.18750
-460,-80,0,2.56250
-440,-80,0,2.72750
-420,-80,0,2.30750
-400,-80,0,2.08500
-380,-80,0,2.03000
-360,-80,0,1.06500
-340,-80,0,1.42750
-320,-80,0,2.36500
-300,-80,0,1.37000
-280,-80,0,0.750000
-260,-80,0,0.635000
-240,-80,0,1.59250
-220,-80,0,1.62750
-200,-80,0,2.75250
-180,-80,0,1.58500
-160,-80,0,1.28500
-140,-80,0,2.36250
-120,-80,0,2.25000
-100,-80,0,1.43500
-80,-80,0,1.54000
-60,-80,0,2.49000
-40,-80,0,2.90500
-20,-80,0,2.07500
0,-80,0,2.02750
20,-80,0,2.20250
40,-80,0,2.56500
60,-80,0,3.12250
80,-80,0,2.02250
100,-80,0,2.16000
120,-80,0,1.84000
140,-80,0,2.38250
160,-80,0,2.10500
180,-80,0,3.49250
200,-80,0,3.16750
220,-80,0,2.39750
240,-80,0,3.23000
260,-80,0,3.09000
280,-80,0,3.92000
300,-80,0,3.13500
320,-80,0,3.58500
340,-80,0,3.15750
360,-80,0,2.26000
380,-80,0,3.14000
400,-80,0,3.49000
420,-80,0,3.81250
440,-80,0,4.63250
460,-80,0,3.60000
480,-80,0,3.91500
500,-80,0,3.31000
520,-80,0,4.91500
540,-80,0,3.14000
-540,-60,0,2.22000
-520,-60,0,2.88500
-500,-60,0,1.45250
-480,-60,0,2.28500
-460,-60,0,1.99000
-440,-60,0,2.67000
-420,-60,0,2.41000
-400,-60,0,2.20000
-380,-60,0,2.82500
-360,-60,0,2.86750
-340,-60,0,2.06000
-320,-60,0,1.03750
-300,-60,0,0.305000
-280,-60,0,1.00500
-260,-60,0,1.60250
-240,-60,0,1.91000
-220,-60,0,2.48500
-200,-60,0,1.86500
-180,-60,0,2.26000
-160,-60,0,3.19250
-140,-60,0,2.17500
-120,-60,0,3.42500
-100,-60,0,1.94500
-80,-60,0,1.98000
-60,-60,0,1.30000
-40,-60,0,2.30000
-20,-60,0,2.28000
0,-60,0,1.79000
20,-60,0,1.26000
40,-60,0,2.85500
60,-60,0,2.81250
80,-60,0,2.75250
100,-60,0,2.00500
120,-60,0,2.62000
140,-60,0,2.45000
160,-60,0,2.70500
180,-60,0,3.38750
200,-60,0,3.28250
220,-60,0,3.66000
240,-60,0,2.47750
260,-60,0,3.64500
280,-60,0,3.31250
300,-60,0,2.81250
320,-60,0,2.76250
340,-60,0,2.90750
360,-60,0,3.28750
380,-60,0,3.66250
400,-60,0,3.87250
420,-60,0,2.28500
440,-60,0,3.32250
460,-60,0,3.23750
480,-60,0,4.10500
500,-60,0,4.07250
520,-60,0,3.54750
540,-60,0,2.55500
-540,-40,0,0.915000
-520,-40,0,2.21000
-500,-40,0,2.05000
-480,-40,0,1.73250
-460,-40,0,2.13250
-440,-40,0,2.16500
-420,-40,0,1.70750
-400,-40,0,1.83750
-380,-40,0,1.98000
-360,-40,0,1.61250
-340,-40,0,0.662500
-320,-40,0,1.10500
-300,-40,0,1.27500
-280,-40,0,1.59250
-260,-40,0,1.85000
-240,-40,0,2.25500
-220,-40,0,2.25000
-200,-40,0,2.26750
-180,-40,0,2.73750
-160,-40,0,2.25750
-140,-40,0,1.77250
-120,-40,0,2.31750
-100,-40,0,2.06500
-80,-40,0,1.85000
-60,-40,0,2.10250
-40,-40,0,3.01000
-20,-40,0,2.28000
0,-40,0,2.24500
20,-40,0,2.38250
40,-40,0,3.18000
60,-40,0,4.13000
80,-40,0,2.92500
100,-40,0,2.79000
120,-40,0,2.71000
140,-40,0,1.94500
160,-40,0,2.28250
180,-40,0,3.67250
200,-40,0,2.80500
220,-40,0,2.87500
240,-40,0,1.80500
260,-40,0,3.36750
280,-40,0,2.57000
300,-40,0,2.59500
320,-40,0,2.27750
340,-40,0,4.24000
360,-40,0,3.47000
380,-40,0,3.73000
400,-40,0,4.58750
420,-40,0,4.26250
440,-40,0,3.71500
460,-40,0,3.43000
480,-40,0,3.45000
500,-40,0,3.59000
520,-40,0,3.86250
540,-40,0,3.18250
-540,-20,0,0.462500
-520,-20,0,1.75250
-500,-20,0,2.47750
-480,-20,0,1.86000
-460,-20,0,1.88000
-440,-20,0,2.84500
-420,-20,0,2.00750
-400,-20,0,1.22500
-380,-20,0,1.05500
-360,-20,0,0.612500
-340,-20,0,1.05500
-320,-20,0,1.51500
-300,-20,0,2.50750
-280,-20,0,1.81500
-260,-20,0,1.58000
-240,-20,0,1.76750
-220,-20,0,1.68000
-200,-20,0,1.75000
-180,-20,0,1.40750
-160,-20,0,2.80000
-140,-20,0,2.42250
-120,-20,0,1.97000
-100,-20,0,1.70000
-80,-20,0,1.48250
-60,-20,0,2.42250
-40,-20,0,2.55000
-20,-20,0,2.45500
0,-20,0,3.77250
20,-20,0,4.06250
40,-20,0,3.65250
60,-20,0,3.82750
80,-20,0,2.92250
100,-20,0,2.08250
120,-20,0,2.86000
140,-20,0,3.12500
160,-20,0,1.76500
180,-20,0,2.98500
200,-20,0,2.94750
220,-20,0,2.11500
240,-20,0,3.54750
260,-20,0,2.09250
280,-20,0,3.28500
300,-20,0,2.39500
320,-20,0,3.62500
340,-20,0,2.68750
360,-20,0,3.48500
380,-20,0,3.04500
400,-20,0,4.34000
420,-20,0,3.31750
440,-20,0,3.35250
460,-20,0,3.36000
480,-20,0,2.71500
500,-20,0,2.54750
520,-20,0,3.02250
540,-20,0,3.25750
-540,0,0,0.600000
-520,0,0,1.50750
-500,0,0,2.45250
-480,0,0,1.49250
-460,0,0,1.82500
-440,0,0,1.71500
-420,0,0,1.01250
-400,0,0,1.51500
-380,0,0,1.76750
-360,0,0,2.22500
-340,0,0,1.65500
-320,0,0,1.06500
-300,0,0,1.35250
-280,0,0,3.84500
-260,0,0,2.58750
-240,0,0,1.96500
-220,0,0,1.24000
-200,0,0,1.79250
-180,0,0,2.43500
-160,0,0,1.19750
-140,0,0,2.14000
-120,0,0,1.97250
-100,0,0,2.01250
-80,0,0,2.44000
-60,0,0,1.65250
-40,0,0,1.51750
-20,0,0,2.34000
0,0,0,2.85250
20,0,0,3.16750
40,0,0,3.22500
60,0,0,1.66250
80,0,0,2.56750
100,0,0,3.94750
120,0,0,3.65500
140,0,0,2.59250
160,0,0,3.18000
180,0,0,3.98500
200,0,0,1.34750
220,0,0,1.36000
240,0,0,3.26250
260,0,0,2.05000
280,0,0,2.12250
300,0,0,3.17000
320,0,0,3.23750
340,0,0,2.82750
360,0,0,2.46500
380,0,0,3.22250
400,0,0,2.75250
420,0,0,2.98250
440,0,0,3.30500
460,0,0,2.28000
480,0,0,1.73000
500,0,0,1.31250
520,0,0,2.63000
540,0,0,2.46000
-540,20,0,2.46250
-520,20,0,2.78500
-500,20,0,2.57000
-480,20,0,2.67750
-460,20,0,2.30250
-440,20,0,1.70000
-420,20,0,1.69500
-400,20,0,0.692500
-380,20,0,2.60500
-360,20,0,2.15750
-340,20,0,1.40250
-320,20,0,1.29750
-300,20,0,3.06500
-280,20,0,2.02750
-260,20,0,2.49000
-240,20,0,2.34500
-220,20,0,2.27500
-200,20,0,2.30000
-180,20,0,2.75000
-160,20,0,2.55500
-140,20,0,2.57250
-120,20,0,2.97750
-100,20,0,2.02000
-80,20,0,0.762500
-60,20,0,1.07500
-40,20,0,1.91750
-20,20,0,3.27000
0,20,0,3.50750
20,20,0,2.84250
40,20,0,2.95250
60,20,0,2.17750
80,20,0,2.57000
100,20,0,3.32500
120,20,0,3.06250
140,20,0,2.81500
160,20,0,3.50750
180,20,0,2.95750
200,20,0,2.84500
220,20,0,2.70000
240,20,0,3.51250
260,20,0,3.13750
280,20,0,3.06000
300,20,0,2.56750
320,20,0,2.53000
340,20,0,3.96500
360,20,0,3.05000
380,20,0,3.03000
400,20,0,2.67250
420,20,0,2.17000
440,20,0,3.45500
460,20,0,2.09000
480,20,0,0.750000
500,20,0,0.480000
520,20,0,1.21500
540,20,0,1.93750
-540,40,0,2.93000
-520,40,0,2.22250
-500,40,0,1.64250
-480,40,0,0.997500
-460,40,0,1.12000
-440,40,0,2.06500
-420,40,0,2
-400,40,0,2.88250
-380,40,0,2.67250
-360,40,0,2.31750
-340,40,0,1.85500
-320,40,0,2.84000
-300,40,0,2.81000
-280,40,0,2.72500
-260,40,0,2.70250
-240,40,0,2.85000
-220,40,0,2.65750
-200,40,0,3.07750
-180,40,0,3.01750
-160,40,0,2.64750
-140,40,0,2.45750
-120,40,0,2.65250
-100,40,0,1.81750
-80,40,0,2.80000
-60,40,0,3.44000
-40,40,0,2.67750
-20,40,0,2.25750
0,40,0,2.74750
20,40,0,3.00250
40,40,0,1.83500
60,40,0,2.41000
80,40,0,3.32000
100,40,0,2.74000
120,40,0,3.28500
140,40,0,2.01750
160,40,0,2.77250
180,40,0,3.00250
200,40,0,3.98500
220,40,0,2.97000
240,40,0,3.27250
260,40,0,2.97000
280,40,0,2.39250
300,40,0,3.02250
320,40,0,2.33250
340,40,0,3.20000
360,40,0,2.41250
380,40,0,2.26000
400,40,0,2.37750
420,40,0,2.70500
440,40,0,1.82750
460,40,0,1.56000
480,40,0,1.06500
500,40,0,0.447500
520,40,0,0.897500
540,40,0,1.90750
-540,60,0,0.947500
-520,60,0,0.532500
-500,60,0,0.477500
-480,60,0,0.995000
-460,60,0,1.70750
-440,60,0,2.57750
-420,60,0,2.86750
-400,60,0,1.98000
-380,60,0,2.72000
-360,60,0,1.68000
-340,60,0,2.11000
-320,60,0,2.40000
-300,60,0,2.56000
-280,60,0,1.69750
-260,60,0,2.06500
-240,60,0,2.06000
-220,60,0,2.55000
-200,60,0,2.68500
-180,60,0,2.16250
-160,60,0,2.60250
-140,60,0,2.17500
-120,60,0,3.49250
-100,60,0,2.91250
-80,60,0,3.25750
-60,60,0,2.36250
-40,60,0,2.33500
-20,60,0,2.13750
0,60,0,2.76750
20,60,0,3.20000
40,60,0,2.60500
60,60,0,3.68500
80,60,0,2.94500
100,60,0,3.16750
120,60,0,3.22250
140,60,0,2.80000
160,60,0,1.59250
180,60,0,3.47000
200,60,0,3.32500
220,60,0,2.73750
240,60,0,1.63000
260,60,0,2.88250
280,60,0,2.53500
300,60,0,2.71500
320,60,0,3.10000
340,60,0,3.16000
360,60,0,2.94750
380,60,0,2.45250
400,60,0,1.54000
420,60,0,2.56750
440,60,0,2.13250
460,60,0,1.75250
480,60,0,1.44500
500,60,0,1.53750
520,60,0,2.52250
540,60,0,3.21750
-540,80,0,0.465000
-520,80,0,0.997500
-500,80,0,1.23250
-480,80,0,1.06000
-460,80,0,3.12250
-440,80,0,2.75750
-420,80,0,2.08000
-400,80,0,2.03500
-380,80,0,2.32250
-360,80,0,2.17250
-340,80,0,2.61500
-320,80,0,1.98250
-300,80,0,2.16000
-280,80,0,2.47750
-260,80,0,3.16250
-240,80,0,3.16250
-220,80,0,2.48000
-200,80,0,2.33500
-180,80,0,1.99500
-160,80,0,2.00500
-140,80,0,1.97000
-120,80,0,1.53250
-100,80,0,2.79000
-80,80,0,2.93750
-60,80,0,2.73250
-40,80,0,2.71250
-20,80,0,3.12750
0,80,0,2.90750
20,80,0,2.92000
40,80,0,2.57750
60,80,0,3.01500
80,80,0,2.55500
100,80,0,2.19500
120,80,0,2.05000
140,80,0,2.40000
160,80,0,1.98250
180,80,0,1.44500
200,80,0,2.35750
220,80,0,2.18250
240,80,0,2.68000
260,80,0,2.84500
280,80,0,2.69000
300,80,0,1.79500
320,80,0,2.75000
340,80,0,3.16500
360,80,0,3.17500
380,80,0,2.31750
400,80,0,0.940000
420,80,0,2.49250
440,80,0,2.14500
460,80,0,1.36750
480,80,0,2.03750
500,80,0,2.31500
520,80,0,2.17500
540,80,0,3.56500
-540,100,0,2.90250
-520,100,0,2.82250
-500,100,0,2.14250
-480,100,0,3.91000
-460,100,0,2.55000
-440,100,0,2.37500
-420,100,0,1.93250
-400,100,0,2.11000
-380,100,0,2.34750
-360,100,0,2.74000
-340,100,0,2.85000
-320,100,0,3.62500
-300,100,0,2.33250
-280,100,0,3.13750
-260,100,0,2.69250
-240,100,0,2.89000
-220,100,0,2.37250
-200,100,0,2.41250
-180,100,0,2.48250
-160,100,0,2.19000
-140,100,0,2.60000
-120,100,0,2.12250
-100,100,0,2.80500
-80,100,0,2.46500
-60,100,0,2.69750
-40,100,0,2.62250
-20,100,0,2.21500
0,100,0,3.51750
20,100,0,2.98250
40,100,0,3.20250
60,100,0,3.08500
80,100,0,2.66500
100,100,0,3.14250
120,100,0,2.36500
140,100,0,2.58250
160,100,0,2.85250
180,100,0,1.89250
200,100,0,2.61250
220,100,0,2.21000
240,100,0,2.16500
260,100,0,0.655000
280,100,0,1.37750
300,100,0,1.28500
320,100,0,1.13500
340,100,0,2.98750
360,100,0,2.45000
380,100,0,1.65750
400,100,0,2.58000
420,100,0,2.94500
440,100,0,2.23750
460,100,0,1.57250
480,100,0,1.97750
500,100,0,2.00750
520,100,0,1.85750
540,100,0,2.91750
-540,120,0,3.09750
-520,120,0,2.60000
-500,120,0,3.72500
-480,120,0,2.66750
-460,120,0,2.29500
-440,120,0,1.62500
-420,120,0,1.74750
-400,120,0,1.89500
-380,120,0,2.37500
-360,120,0,3.25500
-340,120,0,3.69000
-320,120,0,3.08250
-300,120,0,2.01000
-280,120,0,2.50500
-260,120,0,1.80000
-240,120,0,3.20500
-220,120,0,2.91250
-200,120,0,2.28250
-180,120,0,2.98500
-160,120,0,2.34750
-140,120,0,2.32250
-120,120,0,3.04250
-100,120,0,2.15500
-80,120,0,2.95250
-60,120,0,3.54500
-40,120,0,2.80000
-20,120,0,3.69500
0,120,0,3.30000
20,120,0,2.13750
40,120,0,2.11000
60,120,0,3.09000
80,120,0,3.31750
100,120,0,3.78500
120,120,0,2.52500
140,120,0,2.15500
160,120,0,3.26250
180,120,0,3.65750
200,120,0,3.18250
220,120,0,3.02750
240,120,0,2.11750
260,120,0,3.40500
280,120,0,3.94250
300,120,0,2.24250
320,120,0,2.87750
340,120,0,2.57500
360,120,0,1.93500
380,120,0,1.58000
400,120,0,0.792500
420,120,0,2.21500
440,120,0,2.39750
460,120,0,1.90750
480,120,0,2.92500
500,120,0,2.17750
520,120,0,3.01750
540,120,0,2.83250
-540,140,0,2.18500
-520,140,0,3.27000
-500,140,0,3.31500
-480,140,0,2.89500
-460,140,0,2.66500
-440,140,0,1.83250
-420,140,0,2.27000
-400,140,0,2.23750
-380,140,0,2.09250
-360,140,0,1.36500
-340,140,0,1.46500
-320,140,0,0.982500
-300,140,0,1.34000
-280,140,0,2.24000
-260,140,0,2.41000
-240,140,0,2.33500
-220,140,0,2.20750
-200,140,0,2.66250
-180,140,0,2.39000
-160,140,0,2.06750
-140,140,0,1.80750
-120,140,0,1.72250
-100,140,0,2.67000
-80,140,0,2.77750
-60,140,0,4.56250
-40,140,0,3.93500
-20,140,0,3.06500
0,140,0,2.88000
20,140,0,2.28250
40,140,0,1.90500
60,140,0,2.21250
80,140,0,2.77000
100,140,0,3.00250
120,140,0,2.69000
140,140,0,3.03500
160,140,0,2.73750
180,140,0,3.36250
200,140,0,3.43250
220,140,0,3.20000
240,140,0,2.41000
260,140,0,2.69750
280,140,0,2.15750
300,140,0,2.15000
320,140,0,2.74750
340,140,0,3.13000
360,140,0,1.81250
380,140,0,1.06250
400,140,0,0.332500
420,140,0,1.19250
440,140,0,3.98500
460,140,0,2.36250
480,140,0,2.51500
500,140,0,2.84500
520,140,0,2.71250
540,140,0,3.55750
-540,160,0,2.38000
-520,160,0,1.88250
-500,160,0,1.12000
-480,160,0,1.87000
-460,160,0,2.55500
-440,160,0,1.91750
-420,160,0,1.60000
-400,160,0,2.05000
-380,160,0,2.06750
-360,160,0,2.77500
-340,160,0,2.28250
-320,160,0,1.92750
-300,160,0,2.18500
-280,160,0,2.34750
-260,160,0,2.20000
-240,160,0,2.16500
-220,160,0,2.72000
-200,160,0,2.39000
-180,160,0,3.18750
-160,160,0,2.38750
-140,160,0,1.23250
-120,160,0,1.89250
-100,160,0,2.37000
-80,160,0,3.39500
-60,160,0,2.98750
-40,160,0,2.60500
-20,160,0,2.23250
0,160,0,3.03750
20,160,0,1.30750
40,160,0,3.57250
60,160,0,2.76500
80,160,0,2.29750
100,160,0,3.05000
120,160,0,2.22000
140,160,0,1.08250
160,160,0,1.76000
180,160,0,2.87750
200,160,0,2.65500
220,160,0,2.53250
240,160,0,1.83500
260,160,0,2.93500
280,160,0,2.17500
300,160,0,2.49750
320,160,0,3.60250
340,160,0,1.37250
360,160,0,2.24250
380,160,0,2.83250
400,160,0,2.77250
420,160,0,2.98500
440,160,0,2.48750
460,160,0,2.82000
480,160,0,3.68500
500,160,0,2.57250
520,160,0,2.59750
540,160,0,3.10500
-540,180,0,2.70500
-520,180,0,2.91000
-500,180,0,2.72500
-480,180,0,2.66000
-460,180,0,2.61750
-440,180,0,1.50000
-420,180,0,2.20750
-400,180,0,3.17500
-380,180,0,2.33250
-360,180,0,2.72500
-340,180,0,2.13000
-320,180,0,2.46500
-300,180,0,2.06000
-280,180,0,2.26750
-260,180,0,2.64250
-240,180,0,1.68500
-220,180,0,2.80500
-200,180,0,2.91250
-180,180,0,2.66750
-160,180,0,1.48500
-140,180,0,2.98000
-120,180,0,2.69500
-100,180,0,2.87750
-80,180,0,2.99250
-60,180,0,2.76000
-40,180,0,1.63000
-20,180,0,1.49000
0,180,0,2.60500
20,180,0,2.42750
40,180,0,1.75000
60,180,0,1.82750
80,180,0,2.67250
100,180,0,2.72250
120,180,0,2.82250
140,180,0,2.55500
160,180,0,2.50750
180,180,0,2.93250
200,180,0,2.56500
220,180,0,2.48250
240,180,0,1.96750
260,180,0,3.23000
280,180,0,1.45500
300,180,0,2.51750
320,180,0,1.34750
340,180,0,1.28750
360,180,0,2.80250
380,180,0,2.96750
400,180,0,3.67000
420,180,0,3.24500
440,180,0,2.87000
460,180,0,3.08500
480,180,0,2.94750
500,180,0,3.41250
520,180,0,2.60750
540,180,0,2.19750
-540,200,0,2.11250
-520,200,0,1.85500
-500,200,0,2.83250
-480,200,0,2.83000
-460,200,0,1.90750
-440,200,0,2.54500
-420,200,0,2.32500
-400,200,0,2.55000
-380,200,0,2.83000
-360,200,0,3.49750
-340,200,0,4.20000
-320,200,0,2.66500
-300,200,0,2.73750
-280,200,0,2.76000
-260,200,0,3.56500
-240,200,0,3.25500
-220,200,0,2.99000
-200,200,0,2.15250
-180,200,0,2.88500
-160,200,0,2.39500
-140,200,0,1.73000
-120,200,0,1.60750
-100,200,0,1.40500
-80,200,0,1.72500
-60,200,0,1.46250
-40,200,0,2.46250
-20,200,0,1.74250
0,200,0,3.62000
20,200,0,3.62750
40,200,0,3.46500
60,200,0,2.48000
80,200,0,2.82500
100,200,0,3.53750
120,200,0,2.30250
140,200,0,2.53750
160,200,0,2.43250
180,200,0,2.52000
200,200,0,2.55500
220,200,0,3.18750
240,200,0,2.25250
260,200,0,3.39500
280,200,0,2.05750
300,200,0,2.67500
320,200,0,3.20750
340,200,0,2.60000
360,200,0,3.12250
380,200,0,3.29000
400,200,0,3.84750
420,200,0,2.82500
440,200,0,2.64750
460,200,0,2.25000
480,200,0,2.39000
500,200,0,2.16750
520,200,0,1.67250
540,200,0,2.28750
-540,220,0,2.14250
-520,220,0,3.11750
-500,220,0,2.25000
-480,220,0,2.63250
-460,220,0,2.68250
-440,220,0,2.99750
-420,220,0,2.98750
-400,220,0,3.64250
-380,220,0,2.86500
-360,220,0,3.31500
-340,220,0,3.21750
-320,220,0,2.90250
-300,220,0,1.91500
-280,220,0,1.87500
-260,220,0,1.23750
-240,220,0,1.85500
-220,220,0,2.39500
-200,220,0,1.23500
-180,220,0,1.84750
-160,220,0,2.17750
-140,220,0,2.27500
-120,220,0,3.66500
-100,220,0,2.94000
-80,220,0,2.29000
-60,220,0,2.57250
-40,220,0,2.46000
-20,220,0,2.28500
0,220,0,2.32500
20,220,0,3.10000
40,220,0,3.45250
60,220,0,3.31000
80,220,0,3.63250
100,220,0,2.04250
120,220,0,3.11500
140,220,0,2.08250
160,220,0,2.78000
180,220,0,2.54750
200,220,0,1.45500
220,220,0,1.62250
240,220,0,2.96500
260,220,0,2.37250
280,220,0,4.06750
300,220,0,2.97000
320,220,0,4.25250
340,220,0,2.84250
360,220,0,2.77750
380,220,0,3.61500
400,220,0,4.04500
420,220,0,3.36250
440,220,0,3.10500
460,220,0,2.78500
480,220,0,2.61250
500,220,0,3.66500
520,220,0,4.77750
540,220,0,2.81750
-540,240,0,1.17250
-520,240,0,1.56750
-500,240,0,2.28500
-480,240,0,2.74500
-460,240,0,2.86250
-440,240,0,2.67500
-420,240,0,2.76750
-400,240,0,1.95000
-380,240,0,1.72250
-360,240,0,4.05500
-340,240,0,2.26250
-320,240,0,1.78750
-300,240,0,1.16750
-280,240,0,0.625000
-260,240,0,0.170000
-240,240,0,0.785000
-220,240,0,2.39750
-200,240,0,3.63250
-180,240,0,3.93750
-160,240,0,2.28250
-140,240,0,2.43000
-120,240,0,1.59750
-100,240,0,2.02750
-80,240,0,3.55000
-60,240,0,3.23000
-40,240,0,3.13000
-20,240,0,2.33750
0,240,0,2.21250
20,240,0,2.61500
40,240,0,2.75750
60,240,0,3.31500
80,240,0,3.31250
100,240,0,3.80250
120,240,0,3.17000
140,240,0,2.20750
160,240,0,1.46250
180,240,0,1.14500
200,240,0,2.23500
220,240,0,2.37000
240,240,0,3.69500
260,240,0,3.28750
280,240,0,2.15000
300,240,0,3.04750
320,240,0,4.16500
340,240,0,3.03500
360,240,0,3.37500
380,240,0,2.62750
400,240,0,2.61750
420,240,0,3.43250
440,240,0,3.24750
460,240,0,3.70000
480,240,0,2.80750
500,240,0,2.87750
520,240,0,2.62250
540,240,0,2.87250
-540,260,0,1.04500
-520,260,0,1.93000
-500,260,0,1.12500
-480,260,0,2.58500
-460,260,0,2.12500
-440,260,0,2.00500
-420,260,0,2.26250
-400,260,0,1.34750
-380,260,0,1.49500
-360,260,0,1.02500
-340,260,0,0.572500
-320,260,0,0.317500
-300,260,0,0.785000
-280,260,0,1.61000
-260,260,0,2.08750
-240,260,0,1.71000
-220,260,0,1.12500
-200,260,0,1.05500
-180,260,0,1.19500
-160,260,0,2.42000
-140,260,0,3.56750
-120,260,0,3.22000
-100,260,0,3.06250
-80,260,0,2.91500
-60,260,0,2.76500
-40,260,0,1.76250
-20,260,0,1.65250
0,260,0,1.84500
20,260,0,2.19750
40,260,0,2.52000
60,260,0,2.68500
80,260,0,2.33750
100,260,0,2.11000
120,260,0,2.79750
140,260,0,2.76250
160,260,0,1.98750
180,260,0,1.06000
200,260,0,2.66250
220,260,0,2.71750
240,260,0,3.77000
260,260,0,3.50750
280,260,0,2.85250
300,260,0,3.48250
320,260,0,3.84500
340,260,0,2.31000
360,260,0,2.93000
380,260,0,2.42750
400,260,0,1.67250
420,260,0,3.16500
440,260,0,2.07750
460,260,0,3.24000
480,260,0,3.17500
500,260,0,2.95250
520,260,0,1.44000
540,260,0,3.14250
-540,280,0,1.13500
-520,280,0,2.82750
-500,280,0,0.420000
-480,280,0,0.112500
-460,280,0,0.0600000
-440,280,0,0.0325000
-420,280,0,0.132500
-400,280,0,0.427500
-380,280,0,0.310000
-360,280,0,0.0450000
-340,280,0,0.155000
-320,280,0,1.54750
-300,280,0,2.52750
-280,280,0,1.80500
-260,280,0,0.832500
-240,280,0,0.905000
-220,280,0,0.785000
-200,280,0,0.952500
-180,280,0,0.957500
-160,280,0,0.905000
-140,280,0,1.32250
-120,280,0,2.29750
-100,280,0,3.10750
-80,280,0,2.09000
-60,280,0,1.41750
-40,280,0,0.845000
-20,280,0,0.752500
0,280,0,1.10250
20,280,0,0.870000
40,280,0,1.26000
60,280,0,2.50000
80,280,0,2.80000
100,280,0,2.59000
120,280,0,1.72750
140,280,0,2.79000
160,280,0,1.81500
180,280,0,4.07250
200,280,0,3.00500
220,280,0,2.97750
240,280,0,3.42750
260,280,0,3.02000
280,280,0,3.49000
300,280,0,2.94750
320,280,0,2.60000
340,280,0,1.77000
360,280,0,3.52750
380,280,0,3.42500
400,280,0,2.49000
420,280,0,3.51000
440,280,0,2.88750
460,280,0,2.81750
480,280,0,2.87500
500,280,0,3.32250
520,280,0,2.77750
540,280,0,2.42500
-540,300,0,1.35000
-520,300,0,1.18000
-500,300,0,0.255000
-480,300,0,0.00750000
-460,300,0,0.00500000
-440,300,0,0.00500000
-420,300,0,0.00750000
-400,300,0,0.0100000
-380,300,0,0.0150000
-360,300,0,0.0100000
-340,300,0,0.792500
-320,300,0,2.28750
-300,300,0,1.69250
-280,300,0,0.935000
-260,300,0,0.877500
-240,300,0,0.512500
-220,300,0,0.305000
-200,300,0,0.542500
-180,300,0,0.972500
-160,300,0,1.01500
-140,300,0,1.17250
-120,300,0,1.60250
-100,300,0,0.992500
-80,300,0,0.732500
-60,300,0,0.880000
-40,300,0,2.02500
-20,300,0,1.22250
0,300,0,0.992500
20,300,0,0.665000
40,300,0,0.515000
60,300,0,0.890000
80,300,0,1.25500
100,300,0,2.01500
120,300,0,1.71000
140,300,0,1.25250
160,300,0,1.56750
180,300,0,2.31000
200,300,0,2.97750
220,300,0,3.02250
240,300,0,3.64500
260,300,0,3.17500
280,300,0,2.22750
300,300,0,4.14250
320,300,0,3.38500
340,300,0,3.27750
360,300,0,2.65250
380,300,0,2.14250
400,300,0,2.60500
420,300,0,2.61250
440,300,0,3.69250
460,300,0,2.49750
480,300,0,2.89250
500,300,0,2.06750
520,300,0,3.00250
540,300,0,3.42250
-540,320,0,1.57750
-520,320,0,1.13500
-500,320,0,0.282500
-480,320,0,0.00750000
-460,320,0,0.00750000
-440,320,0,0.0475000
-420,320,0,0.142500
-400,320,0,0.0825000
-380,320,0,0.0400000
-360,320,0,0.0100000
-340,320,0,1.12500
-320,320,0,1.58750
-300,320,0,1.29750
-280,320,0,0.665000
-260,320,0,1.32750
-240,320,0,0.515000
-220,320,0,0.527500
-200,320,0,0.252500
-180,320,0,0.172500
-160,320,0,0.595000
-140,320,0,1.06250
-120,320,0,0.987500
-100,320,0,1.38250
-80,320,0,1.24250
-60,320,0,0.795000
-40,320,0,0.862500
-20,320,0,0.752500
0,320,0,0.597500
20,320,0,0.627500
40,320,0,0.430000
60,320,0,0.340000
80,320,0,0.802500
100,320,0,0.840000
120,320,0,1.97250
140,320,0,1.82250
160,320,0,1.37250
180,320,0,2.12750
200,320,0,1.40500
220,320,0,0.865000
240,320,0,1.31500
260,320,0,2.29250
280,320,0,3.43000
300,320,0,1.74500
320,320,0,2.59250
340,320,0,3.62250
360,320,0,3.08750
380,320,0,2.55750
400,320,0,2.45250
420,320,0,2.33000
440,320,0,2.31750
460,320,0,2.64000
480,320,0,3.33750
500,320,0,2.88500
520,320,0,2.00250
540,320,0,3.54500
-540,340,0,1.44750
-520,340,0,2.75000
-500,340,0,1.26500
-480,340,0,0.865000
-460,340,0,0.490000
-440,340,0,0.912500
-420,340,0,1.08500
-400,340,0,0.915000
-380,340,0,0.850000
-360,340,0,0.185000
-340,340,0,1.87750
-320,340,0,1.93250
-300,340,0,2.13250
-280,340,0,1.19500
-260,340,0,0.427500
-240,340,0,1.32250
-220,340,0,1.69500
-200,340,0,1.18500
-180,340,0,0.562500
-160,340,0,0.140000
-140,340,0,0.262500
-120,340,0,0.410000
-100,340,0,0.710000
-80,340,0,0.497500
-60,340,0,0.730000
-40,340,0,0.830000
-20,340,0,1.13500
0,340,0,0.735000
20,340,0,0.957500
40,340,0,0.432500
60,340,0,0.427500
80,340,0,1.04000
100,340,0,0.785000
120,340,0,1.22250
140,340,0,1.58000
160,340,0,1.55000
180,340,0,1.69750
200,340,0,0.987500
220,340,0,0.910000
240,340,0,1.77750
260,340,0,1.96250
280,340,0,2.23500
300,340,0,1.87500
320,340,0,1.95250
340,340,0,1.93750
360,340,0,3.41000
380,340,0,2.90750
400,340,0,3.05000
420,340,0,2.19500
440,340,0,1.86250
460,340,0,3.67750
480,340,0,3.50250
500,340,0,3.15250
520,340,0,2.12500
540,340,0,4.50250
-540,360,0,1.98250
-520,360,0,1.64500
-500,360,0,1.93250
-480,360,0,4.27500
-460,360,0,2.35500
-440,360,0,1.49250
-420,360,0,1.56750
-400,360,0,1.44250
-380,360,0,0.860000
-360,360,0,0.420000
-340,360,0,1.65500
-320,360,0,1.19250
-300,360,0,1.61250
-280,360,0,1.51000
-260,360,0,1.25250
-240,360,0,0.770000
-220,360,0,0.777500
-200,360,0,0.475000
-180,360,0,1.02000
-160,360,0,0.297500
-140,360,0,0.455000
-120,360,0,0.660000
-100,360,0,0.515000
-80,360,0,0.487500
-60,360,0,0.417500
-40,360,0,0.457500
-20,360,0,1.17000
0,360,0,1.79000
20,360,0,1.29000
40,360,0,1.14000
60,360,0,1.47750
80,360,0,0.697500
100,360,0,0.710000
120,360,0,0.422500
140,360,0,0.707500
160,360,0,1.25750
180,360,0,1.60500
200,360,0,2.39500
220,360,0,1.32250
240,360,0,1.59250
260,360,0,1.73500
280,360,0,2.09250
300,360,0,2.04000
320,360,0,2.34500
340,360,0,2.04000
360,360,0,2.02500
380,360,0,3.16250
400,360,0,3.26750
420,360,0,2.27250
440,360,0,2.17250
460,360,0,3.76250
480,360,0,2.57000
500,360,0,2.54250
520,360,0,1.71750
540,360,0,4.69000
-540,380,0,2.14750
-520,380,0,1.73500
-500,380,0,1.30500
-480,380,0,1.34000
-460,380,0,1.55000
-440,380,0,0.817500
-420,380,0,1.71500
-400,380,0,1.76500
-380,380,0,2.06750
-360,380,0,1.23750
-340,380,0,1.19000
-320,380,0,1.76000
-300,380,0,2.11250
-280,380,0,1.44000
-260,380,0,1.47750
-240,380,0,1.05000
-220,380,0,0.907500
-200,380,0,0.865000
-180,380,0,2.15250
-160,380,0,0.510000
-140,380,0,0.830000
-120,380,0,0.885000
-100,380,0,0.850000
-80,380,0,0.947500
-60,380,0,1.29500
-40,380,0,0.857500
-20,380,0,1.67750
0,380,0,0.795000
20,380,0,1.31750
40,380,0,1.71500
60,380,0,1.94750
80,380,0,1.65500
100,380,0,0.682500
120,380,0,0.457500
140,380,0,0.730000
160,380,0,1.71000
180,380,0,1.13750
200,380,0,0.742500
220,380,0,0.890000
240,380,0,0.757500
260,380,0,1.14750
280,380,0,1.36250
300,380,0,2.13000
320,380,0,2.03000
340,380,0,2.32750
360,380,0,2.30750
380,380,0,2.68500
400,380,0,2.29500
420,380,0,3.40250
440,380,0,3.34000
460,380,0,2.80500
480,380,0,3.59000
500,380,0,2.33250
520,380,0,1.82250
540,380,0,4.57250
-540,400,0,2.60000
-520,400,0,1.96000
-500,400,0,1.28500
-480,400,0,1.39500
-460,400,0,1.31750
-440,400,0,4.13000
-420,400,0,2.92000
-400,400,0,1.88750
-380,400,0,2
-360,400,0,2.10750
-340,400,0,1.99000
-320,400,0,2.06000
-300,400,0,1.34500
-280,400,0,1.92250
-260,400,0,1.71250
-240,400,0,1.25250
-220,400,0,1.33750
-200,400,0,0.585000
-180,400,0,0.665000
-160,400,0,1.02000
-140,400,0,1.62500
-120,400,0,1.54000
-100,400,0,1.10750
-80,400,0,1
-60,400,0,0.765000
-40,400,0,1.86250
-20,400,0,0.910000
0,400,0,1.40000
20,400,0,1.58000
40,400,0,2.57250
60,400,0,2.58500
80,400,0,2.59250
100,400,0,2.13250
120,400,0,1.73750
140,400,0,1.63500
160,400,0,1.52500
180,400,0,1.13250
200,400,0,0.292500
220,400,0,0.707500
240,400,0,1.22250
260,400,0,0.607500
280,400,0,0.685000
300,400,0,1.25500
320,400,0,1.65750
340,400,0,1.45750
360,400,0,2.50500
380,400,0,3.24250
400,400,0,3.84000
420,400,0,3.22500
440,400,0,1.87750
460,400,0,2.85500
480,400,0,1.86000
500,400,0,2.53250
520,400,0,2.86750
540,400,0,3.76000
-540,420,0,2.46250
-520,420,0,2.19500
-500,420,0,2.99250
-480,420,0,2.46250
-460,420,0,1.54000
-440,420,0,1.74750
-420,420,0,2.11750
-400,420,0,1.86500
-380,420,0,1.83500
-360,420,0,2.74250
-340,420,0,1.67250
-320,420,0,2.16750
-300,420,0,1.69000
-280,420,0,1.47500
-260,420,0,0.757500
-240,420,0,1.39250
-220,420,0,0.955000
-200,420,0,0.317500
-180,420,0,1.43750
-160,420,0,1.69750
-140,420,0,1.52250
-120,420,0,1.48250
-100,420,0,1.51000
-80,420,0,1.66750
-60,420,0,1.89000
-40,420,0,1.35750
-20,420,0,2.52500
0,420,0,2.57000
20,420,0,2.20250
40,420,0,2.78250
60,420,0,2.21750
80,420,0,2.33000
100,420,0,2.43250
120,420,0,2.38750
140,420,0,2.85750
160,420,0,1.96000
180,420,0,1.84000
200,420,0,1.26000
220,420,0,1.37500
240,420,0,1.01750
260,420,0,1.41750
280,420,0,2
300,420,0,1.82500
320,420,0,1.70500
340,420,0,3.38250
360,420,0,3.91750
380,420,0,2.58000
400,420,0,3.93500
420,420,0,2.48000
440,420,0,2.91000
460,420,0,2.32250
480,420,0,3.12500
500,420,0,2.70000
520,420,0,2.63250
540,420,0,2.87500
-540,440,0,2.50750
-520,440,0,4.41500
-500,440,0,1.97000
-480,440,0,1.71500
-460,440,0,1.19250
-440,440,0,1.56250
-420,440,0,1.84500
-400,440,0,1.73750
-380,440,0,1.08750
-360,440,0,1.10750
-340,440,0,1.53000
-320,440,0,2.39000
-300,440,0,1.73000
-280,440,0,1.66750
-260,440,0,1.73500
-240,440,0,1.41500
-220,440,0,0.722500
-200,440,0,0.440000
-180,440,0,1.10000
-160,440,0,0.762500
-140,440,0,1.31250
-120,440,0,1.42000
-100,440,0,1.70750
-80,440,0,1.68500
-60,440,0,2.06750
-40,440,0,1.12000
-20,440,0,1.58500
0,440,0,1.58500
20,440,0,2.14750
40,440,0,1.66250
60,440,0,1.53000
80,440,0,1.82000
100,440,0,1.60750
120,440,0,1.66750
140,440,0,1.38750
160,440,0,2.58500
180,440,0,2.46000
200,440,0,3.04750
220,440,0,3.09750
240,440,0,3.47500
260,440,0,2.60000
280,440,0,2.20000
300,440,0,2.30750
320,440,0,3.17000
340,440,0,2.40500
360,440,0,3.22250
380,440,0,4.27250
400,440,0,3.84250
420,440,0,2.43250
440,440,0,2.27750
460,440,0,2.92500
480,440,0,2.56500
500,440,0,2.34250
520,440,0,3.44000
540,440,0,1.51000
-540,460,0,1.49000
-520,460,0,1.27000
-500,460,0,1.10500
-480,460,0,1.38750
-460,460,0,1.20750
-440,460,0,1.62250
-420,460,0,1.91750
-400,460,0,2
-380,460,0,1.15750
-360,460,0,0.922500
-340,460,0,1.27500
-320,460,0,1.48500
-300,460,0,1.79250
-280,460,0,1.72750
-260,460,0,1.48000
-240,460,0,1.43750
-220,460,0,1.69750
-200,460,0,1.28250
-180,460,0,1.73250
-160,460,0,1.60750
-140,460,0,1.84750
-120,460,0,1.44250
-100,460,0,1.48000
-80,460,0,1.45750
-60,460,0,1.27250
-40,460,0,1.24500
-20,460,0,1.53250
0,460,0,1.56500
20,460,0,0.960000
40,460,0,2.01250
60,460,0,1.97000
80,460,0,2.16250
100,460,0,1.70250
120,460,0,2.40000
140,460,0,1.82750
160,460,0,1.99750
180,460,0,2.67500
200,460,0,1.75750
220,460,0,1.50750
240,460,0,0.810000
260,460,0,2.24750
280,460,0,2.72750
300,460,0,2.90250
320,460,0,4.01500
340,460,0,2.85250
360,460,0,3.12500
380,460,0,2.12250
400,460,0,2.86000
420,460,0,1.82250
440,460,0,1.99750
460,460,0,1.93250
480,460,0,2.94750
500,460,0,2.67500
520,460,0,2.66000
540,460,0,2.84250
-540,480,0,1.64250
-520,480,0,1.12250
-500,480,0,1.16000
-480,480,0,1.05500
-460,480,0,1.64500
-440,480,0,2.04250
-420,480,0,1.51000
-400,480,0,1.15750
-380,480,0,1.47000
-360,480,0,0.977500
-340,480,0,1.22250
-320,480,0,1.07250
-300,480,0,1.66750
-280,480,0,2.06000
-260,480,0,1.50750
-240,480,0,1.59750
-220,480,0,1.37750
-200,480,0,0.925000
-180,480,0,0.607500
-160,480,0,0.415000
-140,480,0,0.420000
-120,480,0,0.527500
-100,480,0,0.602500
-80,480,0,1.63750
-60,480,0,1.63750
-40,480,0,1.80000
-20,480,0,1.11750
0,480,0,1.20000
20,480,0,0.940000
40,480,0,1.64750
60,480,0,1.88750
80,480,0,2.73750
100,480,0,2.45500
120,480,0,1.77000
140,480,0,1.81000
160,480,0,1.44750
180,480,0,1.88250
200,480,0,2.15250
220,480,0,2.99250
240,480,0,2.28000
260,480,0,1.84000
280,480,0,2.47750
300,480,0,3.67750
320,480,0,2.71000
340,480,0,2.77000
360,480,0,2.85250
380,480,0,1.99750
400,480,0,2.48750
420,480,0,2.16500
440,480,0,1.25750
460,480,0,2.19750
480,480,0,2.81500
500,480,0,2.69500
520,480,0,2.42750
540,480,0,3.60500
-540,500,0,1.10250
-520,500,0,1.26750
-500,500,0,1.26250
-480,500,0,1.19000
-460,500,0,1.65250
-440,500,0,1.27750
-420,500,0,1.19250
-400,500,0,1.30500
-380,500,0,1.27500
-360,500,0,0.892500
-340,500,0,0.767500
-320,500,0,0.942500
-300,500,0,1.49250
-280,500,0,1.44000
-260,500,0,1.98000
-240,500,0,1.50250
-220,500,0,0.665000
-200,500,0,0.425000
-180,500,0,0.445000
-160,500,0,0.462500
-140,500,0,0.600000
-120,500,0,0.247500
-100,500,0,0.530000
-80,500,0,0.570000
-60,500,0,1.63000
-40,500,0,1.22750
-20,500,0,2.33750
0,500,0,0.747500
20,500,0,0.865000
40,500,0,2.31500
60,500,0,1.68000
80,500,0,1.67250
100,500,0,2.18000
120,500,0,2.70000
140,500,0,1.79000
160,500,0,1.65750
180,500,0,1.22750
200,500,0,2.02000
220,500,0,2.20750
240,500,0,2.37500
260,500,0,1.97500
280,500,0,2.36500
300,500,0,1.62000
320,500,0,2.51500
340,500,0,2.74000
360,500,0,2.62500
380,500,0,1.77000
400,500,0,2.72000
420,500,0,2.16000
440,500,0,2.27750
460,500,0,3.08000
480,500,0,3.44000
500,500,0,2.85250
520,500,0,2.75000
540,500,0,2.31250
-540,520,0,2.52750
-520,520,0,1.53500
-500,520,0,1.62500
-480,520,0,1.26500
-460,520,0,1.73000
-440,520,0,1.87750
-420,520,0,1.62500
-400,520,0,1.88000
-380,520,0,1.62000
-360,520,0,0.902500
-340,520,0,0.882500
-320,520,0,0.982500
-300,520,0,1.43250
-280,520,0,1.37500
-260,520,0,1.16000
-240,520,0,0.760000
-220,520,0,0.487500
-200,520,0,0.482500
-180,520,0,0.367500
-160,520,0,0.417500
-140,520,0,0.545000
-120,520,0,0.280000
-100,520,0,0.290000
-80,520,0,0.572500
-60,520,0,0.740000
-40,520,0,1.45000
-20,520,0,1.02750
0,520,0,0.887500
20,520,0,0.892500
40,520,0,1.96000
60,520,0,2.07750
80,520,0,1.73750
100,520,0,1.81000
120,520,0,1.73250
140,520,0,2.53250
160,520,0,1.64250
180,520,0,1.33500
200,520,0,2.20750
220,520,0,2.32750
240,520,0,3.08250
260,520,0,3.25750
280,520,0,1.91500
300,520,0,2.24000
320,520,0,2.79500
340,520,0,2.51250
360,520,0,2.54500
380,520,0,2.65500
400,520,0,3.39500
420,520,0,3.86250
440,520,0,3.69000
460,520,0,3.55250
480,520,0,3.78000
500,520,0,2.49500
520,520,0,2.67000
540,520,0,2.28750
-540,540,0,2.35500
-520,540,0,1.56000
-500,540,0,1.19500
-480,540,0,1.56250
-460,540,0,1.43250
-440,540,0,1.72250
-420,540,0,1.43250
-400,540,0,1.53000
-380,540,0,1.31500
-360,540,0,1.49500
-340,540,0,1.49750
-320,540,0,1.43500
-300,540,0,1.31000
-280,540,0,1.42750
-260,540,0,1.76000
-240,540,0,0.655000
-220,540,0,0.417500
-200,540,0,0.427500
-180,540,0,0.385000
-160,540,0,0.415000
-140,540,0,0.307500
-120,540,0,0.255000
-100,540,0,0.290000
-80,540,0,0.420000
-60,540,0,0.332500
-40,540,0,1.56500
-20,540,0,1.15250
0,540,0,1.50750
20,540,0,1.59500
40,540,0,2.24000
60,540,0,1.69000
80,540,0,2.72750
100,540,0,2.81500
120,540,0,1.68750
140,540,0,1.43250
160,540,0,1.07500
180,540,0,1.41000
200,540,0,2.45750
220,540,0,2.56000
240,540,0,2.27500
260,540,0,2.70750
280,540,0,2.13500
300,540,0,2.66000
320,540,0,2.38000
340,540,0,2.62250
360,540,0,3.86750
380,540,0,3.66500
400,540,0,3.44250
420,540,0,3.65000
440,540,0,3.21000
460,540,0,3.06500
480,540,0,2.43250
500,540,0,3.81000
520,540,0,2.97750
540,540,0,1.69000
