x,y,z,type,volume,cycle entry,custom:GFP,custom:sample
44.430774148576255,79.55369706393925,0.0,epithelial_tumor
98.68559969572145,61.50505439910836,0.0,epithelial_tumor
47.0172139485004,167.0467597630029,0.0,epithelial_tumor
-61.36376743474118,-156.11760927747486,0.0,epithelial_tumor
-132.6207358997318,-137.54469052831394,0.0,epithelial_tumor
59.40814924602563,-32.23711405141329,0.0,epithelial_tumor
64.51668137881578,-175.04511396319907,0.0,epithelial_tumor
43.20250468194627,165.45152646067643,0.0,epithelial_tumor
-122.46088807044522,-112.4970471658767,0.0,epithelial_tumor
-0.9188177918275525,-57.81672902667639,0.0,epithelial_tumor
-27.0759045348592,-115.49175596300287,0.0,epithelial_tumor
-108.66663846049353,-22.228697348344095,0.0,epithelial_tumor
-100.20103353220303,-20.82764330304867,0.0,epithelial_tumor
-49.07680818653138,47.68796225613304,0.0,epithelial_tumor
21.456598673756684,86.84040657648826,0.0,epithelial_tumor
112.38622897475074,-92.34853157054603,0.0,epithelial_tumor
28.52387956615511,-113.54451965084124,0.0,epithelial_tumor
-129.93072700791586,-30.854083700986635,0.0,epithelial_tumor
-74.80245141272019,34.251284305998524,0.0,epithelial_tumor
-102.17827085022515,118.75283437575457,0.0,epithelial_tumor
-50.42045684109521,64.0848895848691,0.0,epithelial_tumor
4.082939171241042,50.76439329120851,0.0,epithelial_tumor
1.7637170484013083,69.42728051401447,0.0,epithelial_tumor
-40.67709663350701,181.46909241078515,0.0,epithelial_tumor
163.7207901931747,90.31964234966944,0.0,epithelial_tumor
101.35448089204006,-11.267887904467132,0.0,epithelial_tumor
62.3197549839752,-12.103172716444574,0.0,epithelial_tumor
-8.333942455866522,167.69920828777794,0.0,epithelial_tumor
157.44164349691172,-74.84179247858432,0.0,epithelial_tumor
-35.822735157395066,187.92346470607086,0.0,epithelial_tumor
-83.33616691348557,166.96747532133057,0.0,epithelial_tumor
6.916938352724073,144.92640411401212,0.0,epithelial_tumor
-35.35984004826066,142.8076721837124,0.0,epithelial_tumor
-116.06290318852962,13.818221823086748,0.0,epithelial_tumor
-20.47881050484632,33.84446934488772,0.0,epithelial_tumor
173.20914363282648,-10.94084692610156,0.0,epithelial_tumor
-3.2551531156038296,111.60642318469878,0.0,epithelial_tumor
-145.73168251085812,-99.89648545412943,0.0,epithelial_tumor
-27.919553229631205,39.00829695184632,0.0,epithelial_tumor
166.92021884397323,-37.28145673718967,0.0,epithelial_tumor
45.873898429990994,-18.718396045919615,0.0,epithelial_tumor
-6.50959606755517,-116.55798774269704,0.0,epithelial_tumor
127.30849383993008,153.4421835130706,0.0,epithelial_tumor
101.07352724366886,167.6582610263473,0.0,epithelial_tumor
-89.59611184040627,-151.9281162522038,0.0,epithelial_tumor
113.39384586857123,-110.30075643913769,0.0,epithelial_tumor
-155.7942560844794,62.66500358259632,0.0,epithelial_tumor
-47.564930472646914,142.1892946847464,0.0,epithelial_tumor
15.982785464056603,142.4127847715908,0.0,epithelial_tumor
-90.36559086428598,-25.364939171749846,0.0,epithelial_tumor
64.19185222872568,57.96780191377611,0.0,epithelial_tumor
-94.9220939582554,160.72195632176872,0.0,epithelial_tumor
-83.45239237483345,-78.43883443236115,0.0,epithelial_tumor
22.256331054209337,-89.96735500806533,0.0,epithelial_tumor
1.476101198688123,155.48873908401953,0.0,epithelial_tumor
-65.30919735410991,-30.67690205863141,0.0,epithelial_tumor
-101.91594523087632,156.0443127572837,0.0,epithelial_tumor
59.78321095376455,-86.26447540801851,0.0,epithelial_tumor
22.204973096273584,-72.50999248727611,0.0,epithelial_tumor
-22.161849977525275,-125.82638443894474,0.0,epithelial_tumor
-54.81369842417938,-149.15147431539685,0.0,epithelial_tumor
-102.95100267198104,150.07190441196164,0.0,epithelial_tumor
-149.41954964270266,-86.3406132533526,0.0,epithelial_tumor
139.87604167507442,-48.10310904442402,0.0,epithelial_tumor
-125.82670789480379,-4.6576710978482945,0.0,epithelial_tumor
69.80300278230389,-72.37253855718187,0.0,epithelial_tumor
-24.36032471811041,-69.93090923575208,0.0,epithelial_tumor
93.92266879016361,133.70815096960635,0.0,epithelial_tumor
-58.497728245434615,30.209685612674896,0.0,epithelial_tumor
100.70164146800548,-50.85776943079384,0.0,epithelial_tumor
191.8386991838155,-18.327236932234023,0.0,epithelial_tumor
107.44126392460299,-58.328374036066435,0.0,epithelial_tumor
-76.23303136746655,-49.24030946776066,0.0,epithelial_tumor
-82.3809189568308,138.90534786609163,0.0,epithelial_tumor
-93.7252280782653,161.94691642405311,0.0,epithelial_tumor
121.44789328717694,-66.91009070101737,0.0,epithelial_tumor
-10.61952213266409,-134.94735230897135,0.0,epithelial_tumor
-60.63682671744892,18.679551435782326,0.0,epithelial_tumor
-133.23872275040918,1.3664891332703402,0.0,epithelial_tumor
-102.16243580154938,119.77844329759463,0.0,epithelial_tumor
167.7453147059195,13.832453983019393,0.0,epithelial_tumor
109.30397568614413,-27.282301611466625,0.0,epithelial_tumor
86.12217362276587,51.188234725553535,0.0,epithelial_tumor
-134.92848822231485,-92.17525713576329,0.0,epithelial_tumor
44.70836247787711,173.69976228436497,0.0,epithelial_tumor
37.0378170990708,94.74088063562807,0.0,epithelial_tumor
-154.47631417517877,-66.66487758564894,0.0,epithelial_tumor
-184.77635385233694,55.84364645432339,0.0,epithelial_tumor
-116.07169843855762,83.48371344236668,0.0,epithelial_tumor
15.936008041822712,34.95888158869629,0.0,epithelial_tumor
-127.98287246892197,130.7312648558795,0.0,epithelial_tumor
-30.499981923106482,19.697887230081314,0.0,epithelial_tumor
-29.111616965984936,-134.0800051243335,0.0,epithelial_tumor
31.639128067101506,177.80039572620063,0.0,epithelial_tumor
179.42015020324894,22.334584587499442,0.0,epithelial_tumor
77.33890985455514,160.5268339732421,0.0,epithelial_tumor
156.60871407122826,112.94520208723469,0.0,epithelial_tumor
95.2393623169594,-121.6786114241352,0.0,epithelial_tumor
-49.04227199307054,-86.71952581716496,0.0,epithelial_tumor
15.668508785172545,-11.944463873214623,0.0,epithelial_tumor
10.878012662868665,40.145863980621016,0.0,epithelial_tumor
-118.92755665819345,-68.37246373755939,0.0,epithelial_tumor
49.44497654769938,-109.61210499897817,0.0,epithelial_tumor
-124.91594137220147,117.75901619271349,0.0,epithelial_tumor
-136.6959779243924,-135.24175806594388,0.0,epithelial_tumor
-139.38506546993284,59.149514946996995,0.0,epithelial_tumor
16.930189569532825,-197.55966692254248,0.0,epithelial_tumor
-60.92801680850599,4.821641786302597,0.0,epithelial_tumor
-51.918132385735774,26.36594041955871,0.0,epithelial_tumor
-172.2080742705155,-46.10538188100605,0.0,epithelial_tumor
23.144824926069603,27.74793854966799,0.0,epithelial_tumor
-87.64301685233467,-14.271162373480797,0.0,epithelial_tumor
192.29902629557228,22.31997191475683,0.0,epithelial_tumor
-146.86900514865133,-76.60487065020475,0.0,epithelial_tumor
-111.90952790497558,-156.9570713531337,0.0,epithelial_tumor
192.15961720943778,13.297246782625614,0.0,epithelial_tumor
112.63603815370607,-114.21811023027901,0.0,epithelial_tumor
-92.63149765573901,-156.71371597468575,0.0,epithelial_tumor
-157.4194594042133,88.13246699750857,0.0,epithelial_tumor
173.04544358464616,52.600787467223846,0.0,epithelial_tumor
147.24893801374841,84.35593049471522,0.0,epithelial_tumor
-98.9340409187562,82.58559553400018,0.0,epithelial_tumor
-33.378140409363354,-169.4491382024612,0.0,epithelial_tumor
-78.996892744735,11.97798075219986,0.0,epithelial_tumor
-5.379474155894455,-48.929874480762045,0.0,epithelial_tumor
-9.953704420908112,128.91705635052548,0.0,epithelial_tumor
-186.1688144289557,4.251259865670895,0.0,epithelial_tumor
4.762119972615454,-36.033896100354085,0.0,epithelial_tumor
-22.298556394227987,-161.69091895919934,0.0,epithelial_tumor
-171.44691427672254,74.41263542886092,0.0,epithelial_tumor
59.07874233315525,-184.12226918344498,0.0,epithelial_tumor
-76.35075875208204,-48.609030919586566,0.0,epithelial_tumor
158.49631422866744,-90.65092043607063,0.0,epithelial_tumor
-137.1189682013721,48.38924308226431,0.0,epithelial_tumor
64.37824965743842,-66.06189414770799,0.0,epithelial_tumor
-49.72875041115275,-77.05167439772076,0.0,epithelial_tumor
0.2964710379637303,142.1265718787978,0.0,epithelial_tumor
196.10706017103277,-15.2256797471719,0.0,epithelial_tumor
-49.2724910827041,-171.91356700745138,0.0,epithelial_tumor
-172.84422789061534,-78.62500032335024,0.0,epithelial_tumor
-50.49182381738989,-147.23381712553814,0.0,epithelial_tumor
114.38617733493993,-21.033069607839114,0.0,epithelial_tumor
108.26724041913997,-127.50476905230084,0.0,epithelial_tumor
60.259032756829455,-111.40226802035075,0.0,epithelial_tumor
4.94899002601421,39.1927913637837,0.0,epithelial_tumor
-61.94092181128566,-176.51947637331526,0.0,epithelial_tumor
156.7435521444579,68.24605684315462,0.0,epithelial_tumor
47.815668816356045,-182.7778547002428,0.0,epithelial_tumor
128.02954771651383,-111.48287507976825,0.0,epithelial_tumor
176.1825630569481,27.225011241590163,0.0,epithelial_tumor
75.09432117831827,-75.37637066610941,0.0,epithelial_tumor
39.3075326480726,-124.19904615799491,0.0,epithelial_tumor
19.00952516053295,-175.3338201353295,0.0,epithelial_tumor
-19.796544768447,-20.429852686269726,0.0,epithelial_tumor
19.226533180679272,-166.7197932060383,0.0,epithelial_tumor
-5.444377515742745,-69.63775145125668,0.0,epithelial_tumor
-71.31289511246419,92.38809594725325,0.0,epithelial_tumor
1.2330864298520703,11.929867478883432,0.0,epithelial_tumor
161.93691802830998,-12.517058149423141,0.0,epithelial_tumor
-71.16477545433597,-150.36695582721526,0.0,epithelial_tumor
22.95484380903284,-98.76589324270213,0.0,epithelial_tumor
85.26005857337184,-80.95802435541312,0.0,epithelial_tumor
-127.39332977464188,-110.07204869993437,0.0,epithelial_tumor
9.367610646651828,80.98433100331117,0.0,epithelial_tumor
-115.88945718720015,-93.12839283477531,0.0,epithelial_tumor
36.2500718430812,72.86585827599362,0.0,epithelial_tumor
15.07980809244886,-80.18798445684328,0.0,epithelial_tumor
36.984319891074,-7.271489849733004,0.0,epithelial_tumor
113.96909444716763,-3.647696665560354,0.0,epithelial_tumor
8.795064655679658,-169.7556207469947,0.0,epithelial_tumor
36.03516883782559,-82.09069790854609,0.0,epithelial_tumor
-160.9515274815093,-38.07934123681614,0.0,epithelial_tumor
143.8432976914411,93.18202721452624,0.0,epithelial_tumor
21.372206606752993,22.620531306589278,0.0,epithelial_tumor
69.33172096773868,-81.56267552971143,0.0,epithelial_tumor
-94.07196652618357,-31.12709088618959,0.0,epithelial_tumor
-137.00782307232416,141.0464211597657,0.0,epithelial_tumor
-60.22565682995613,1.5610082351193433,0.0,epithelial_tumor
-75.51582764201343,-169.39767892399712,0.0,epithelial_tumor
-185.31492632786922,5.6529812023267,0.0,epithelial_tumor
88.10504051150942,-173.7761519003195,0.0,epithelial_tumor
-156.50146747085705,-68.58048749646738,0.0,epithelial_tumor
28.82915850585614,-93.8658685609443,0.0,epithelial_tumor
61.106475807814924,-67.32983568749067,0.0,epithelial_tumor
-45.45307040080574,-132.67991663284838,0.0,epithelial_tumor
3.278906835289275,-192.07684234623642,0.0,epithelial_tumor
118.50243567560521,-123.29863260050672,0.0,epithelial_tumor
127.09529828342122,133.43127523459634,0.0,epithelial_tumor
37.21449450099427,59.264223192069,0.0,epithelial_tumor
-58.620212753349556,-2.7525483865861404,0.0,epithelial_tumor
-57.43468773283658,-51.88473549002583,0.0,epithelial_tumor
-10.169618712261832,164.88847171946801,0.0,epithelial_tumor
32.364049445977,-170.55826399286943,0.0,epithelial_tumor
-134.37996053952733,-35.645183364329945,0.0,epithelial_tumor
-129.8442053669916,-142.91665448881614,0.0,epithelial_tumor
139.54048495027342,-58.07865316346842,0.0,epithelial_tumor
-48.822138867335845,147.2202991156046,0.0,epithelial_tumor
-168.15634508845034,-95.45377399428737,0.0,epithelial_tumor
29.723513975341767,8.785962067023744,0.0,epithelial_tumor
172.59434975062396,-34.18703611475295,0.0,epithelial_tumor
0.4848160637709206,-9.329505140674751,0.0,epithelial_tumor
-66.12125639568929,132.6205847531544,0.0,epithelial_tumor
-58.56314353152082,-131.4505950706764,0.0,epithelial_tumor
175.4850198690535,-3.1708852403074363,0.0,epithelial_tumor
52.83521359971,87.60175108269088,0.0,epithelial_tumor
27.86484165358648,150.01002498272936,0.0,epithelial_tumor
-87.61524780707396,-128.07407066689663,0.0,epithelial_tumor
72.68861445954582,101.45868825425569,0.0,epithelial_tumor
-168.7714713623337,93.15980881673592,0.0,epithelial_tumor
-18.39021172323059,119.93594151180237,0.0,epithelial_tumor
69.70859479919443,-54.70625097059217,0.0,epithelial_tumor
192.22381662602035,38.09017402015758,0.0,epithelial_tumor
73.54281184903333,-84.09913322322102,0.0,epithelial_tumor
27.964849669115768,65.21288622752499,0.0,epithelial_tumor
10.333964568276034,-78.15834643922312,0.0,epithelial_tumor
-22.982460924199028,-23.337627483926568,0.0,epithelial_tumor
103.14526150437082,-55.991128608849806,0.0,epithelial_tumor
-48.17230897886731,5.617996412737043,0.0,epithelial_tumor
-49.69503313906217,-115.96678234402765,0.0,epithelial_tumor
-129.05587608901737,6.822174635795872,0.0,epithelial_tumor
-21.2414725268023,177.1468127963381,0.0,epithelial_tumor
-16.15235705863085,4.668474855043505,0.0,epithelial_tumor
-143.60087666971705,115.05554184357149,0.0,epithelial_tumor
-23.02728931587327,85.94784404348295,0.0,epithelial_tumor
19.396691760348293,-102.20078826467687,0.0,epithelial_tumor
121.92957556141378,94.49262771238848,0.0,epithelial_tumor
110.41622450312263,137.8140675384257,0.0,epithelial_tumor
-33.51041738900506,-108.84206913462958,0.0,epithelial_tumor
-55.97385136320567,107.40541621329487,0.0,epithelial_tumor
-13.211859306115338,18.034740663329483,0.0,epithelial_tumor
-111.69144523512101,84.49493135175808,0.0,epithelial_tumor
-74.19490113961169,-185.5698868351007,0.0,epithelial_tumor
73.44087310742198,128.72282208425793,0.0,epithelial_tumor
-52.27565816177123,-186.36685486966059,0.0,epithelial_tumor
142.00583018374058,48.09301407190004,0.0,epithelial_tumor
66.71809681875311,-70.18617767786303,0.0,epithelial_tumor
-95.38392471786366,151.45497084942892,0.0,epithelial_tumor
100.27729529737117,-77.96823140134944,0.0,epithelial_tumor
-158.60956111632208,48.99297389132213,0.0,epithelial_tumor
-3.277475404841987,-28.206638187420744,0.0,epithelial_tumor
3.5259482513793188,193.70226202644807,0.0,epithelial_tumor
26.42161563543194,134.88437024201204,0.0,epithelial_tumor
45.63899461973404,100.43558797155903,0.0,epithelial_tumor
-145.0776110015914,1.6447642520580952,0.0,epithelial_tumor
0.7793365301254271,5.721753148767112,0.0,epithelial_tumor
-103.13173408776534,-142.5612301430041,0.0,epithelial_tumor
51.83460833012627,25.271827810031095,0.0,epithelial_tumor
-78.69065765489142,18.8276701088097,0.0,epithelial_tumor
-7.067863507938337,-154.1236901097547,0.0,epithelial_tumor
-134.03128814372548,140.87489246188005,0.0,epithelial_tumor
131.84662089459087,-145.75719963935612,0.0,mesenchymal_tumor
-19.81605930200641,-126.43814512597064,0.0,mesenchymal_tumor
113.3885990545211,-81.62008577916335,0.0,mesenchymal_tumor
-146.68683578071762,-96.15789476489617,0.0,mesenchymal_tumor
-90.98934511265286,-88.69353204936975,0.0,mesenchymal_tumor
50.8193283765878,55.196667610805065,0.0,mesenchymal_tumor
67.64842763584187,143.0203735065368,0.0,mesenchymal_tumor
54.9086849691188,118.57068929800033,0.0,mesenchymal_tumor
2.3796896459013066,136.76826769210797,0.0,mesenchymal_tumor
-189.61212077820994,-17.70410320384496,0.0,mesenchymal_tumor
66.12526776839073,109.48138261042251,0.0,mesenchymal_tumor
-10.031682370760382,196.1289610827913,0.0,mesenchymal_tumor
26.430922679339798,-177.90842254819788,0.0,mesenchymal_tumor
-59.31816397526375,17.723838413481477,0.0,mesenchymal_tumor
82.77942229042512,150.03415918158066,0.0,mesenchymal_tumor
64.6428642715231,-119.56439335099654,0.0,mesenchymal_tumor
-129.52279842806908,-117.32961774871801,0.0,mesenchymal_tumor
76.50456526918023,134.36053498684925,0.0,mesenchymal_tumor
-70.23054125153739,-116.74303612506864,0.0,mesenchymal_tumor
37.44813416642542,-102.65785251725005,0.0,mesenchymal_tumor
20.90872754684172,73.41444807020768,0.0,mesenchymal_tumor
99.670633867911,37.36700937468723,0.0,mesenchymal_tumor
111.37006810666777,28.1058424148003,0.0,mesenchymal_tumor
150.66810282000066,-66.46823798532999,0.0,mesenchymal_tumor
167.13668442640625,44.678571285165994,0.0,mesenchymal_tumor
186.77309590215043,-41.60250406244013,0.0,mesenchymal_tumor
-86.92664574042749,-103.9010949048984,0.0,mesenchymal_tumor
-168.04774585649756,-16.520371929252637,0.0,mesenchymal_tumor
43.19156133139719,51.97731132702332,0.0,mesenchymal_tumor
-49.17648912073778,-168.0080003104856,0.0,mesenchymal_tumor
150.56929462651811,-28.808875329764874,0.0,mesenchymal_tumor
-179.1398376286961,66.0878947896401,0.0,mesenchymal_tumor
-15.327757001774156,-40.66101958321907,0.0,mesenchymal_tumor
-72.07725118771233,-161.65491635749353,0.0,mesenchymal_tumor
81.67732955703524,-88.18560134998393,0.0,mesenchymal_tumor
115.04456455925582,-53.3005862150411,0.0,mesenchymal_tumor
40.542560516897915,185.0611052923639,0.0,mesenchymal_tumor
-88.90420942521291,-124.38118934042886,0.0,mesenchymal_tumor
194.92143289056827,-0.718029409103095,0.0,mesenchymal_tumor
-57.83972628643467,38.30235001146772,0.0,mesenchymal_tumor
-69.91540745685228,-31.31254189702493,0.0,mesenchymal_tumor
-163.92090407707815,112.69967141269942,0.0,mesenchymal_tumor
31.277619136303038,-82.23280213839136,0.0,mesenchymal_tumor
-172.45063209182422,73.87683441249656,0.0,mesenchymal_tumor
-63.50438910822571,-18.228874278297962,0.0,mesenchymal_tumor
-121.38819814770287,135.16518902785407,0.0,mesenchymal_tumor
-104.95413802284824,88.43935258049726,0.0,mesenchymal_tumor
-42.022943381995425,42.95642121711737,0.0,mesenchymal_tumor
-113.41074546975297,-86.21296435292966,0.0,mesenchymal_tumor
-147.4114206078276,34.418032761865696,0.0,mesenchymal_tumor
-100.23999002091217,-12.076131634969352,0.0,mesenchymal_tumor
-84.51260098566716,130.89082074923664,0.0,mesenchymal_tumor
-150.3708456995486,-82.87927415030393,0.0,mesenchymal_tumor
8.756829275652413,-93.3684940331526,0.0,mesenchymal_tumor
41.14166986048683,-11.806097402611032,0.0,mesenchymal_tumor
90.79633949917002,4.3177966807823465,0.0,mesenchymal_tumor
8.084125565451474,197.2948335735479,0.0,mesenchymal_tumor
83.02851983794667,-36.2794980371595,0.0,mesenchymal_tumor
-107.90334484160401,9.603858197840447,0.0,mesenchymal_tumor
-46.34160330686235,123.13067992269215,0.0,mesenchymal_tumor
-50.61490369598069,124.83212311569237,0.0,mesenchymal_tumor
-15.17129237511772,106.00691394224162,0.0,mesenchymal_tumor
72.32257190235379,156.6191994436059,0.0,mesenchymal_tumor
-161.14927240181714,-25.693145880820186,0.0,mesenchymal_tumor
-142.347629474669,-64.07033699827251,0.0,mesenchymal_tumor
-128.0686817813995,13.28785349553694,0.0,mesenchymal_tumor
80.01713987973275,22.38411547357204,0.0,mesenchymal_tumor
-47.6360692011338,-35.35220351166173,0.0,mesenchymal_tumor
22.59927403933341,163.04641487958895,0.0,mesenchymal_tumor
-44.10378274274331,27.590955325360035,0.0,mesenchymal_tumor
-118.90287099046562,156.46893068173497,0.0,mesenchymal_tumor
-23.39783435623495,148.90238133382866,0.0,mesenchymal_tumor
-71.24687458935789,-125.00011479193563,0.0,mesenchymal_tumor
-144.04689271607643,45.04117802101679,0.0,mesenchymal_tumor
-15.165775891572393,-183.46687337783058,0.0,mesenchymal_tumor
109.76558227830994,75.31924346786425,0.0,mesenchymal_tumor
-121.78353657846357,-97.05802936228062,0.0,mesenchymal_tumor
-140.69905412693248,115.05361125381059,0.0,mesenchymal_tumor
165.8273048471926,-12.75160094812474,0.0,mesenchymal_tumor
-140.88656215466966,96.6305397115162,0.0,mesenchymal_tumor
-62.30236535485682,-164.67859675458828,0.0,mesenchymal_tumor
110.66738003613868,84.85509454023057,0.0,mesenchymal_tumor
-4.992724838107278,32.63583161196057,0.0,mesenchymal_tumor
81.10157537224157,-63.571840404294306,0.0,mesenchymal_tumor
12.405531841179585,83.9726222080589,0.0,mesenchymal_tumor
-172.35049934696733,-20.7392799330715,0.0,mesenchymal_tumor
11.848869806676447,115.37496312051087,0.0,mesenchymal_tumor
-100.01445974649309,-139.2661452075913,0.0,mesenchymal_tumor
-33.51597295105069,58.3315502740056,0.0,mesenchymal_tumor
-74.86161885833356,-121.03218182372949,0.0,mesenchymal_tumor
-121.52474328595632,26.9992038695413,0.0,mesenchymal_tumor
166.9637140734611,-45.53486608288504,0.0,mesenchymal_tumor
38.38443667971509,120.53669237176913,0.0,mesenchymal_tumor
-170.60839904221712,54.994751710545486,0.0,mesenchymal_tumor
-28.265269292022435,-47.73351530094451,0.0,mesenchymal_tumor
10.631538704520212,109.83303351025143,0.0,mesenchymal_tumor
106.48951058509273,-5.032981037399939,0.0,mesenchymal_tumor
93.5132752834767,-143.27417412295736,0.0,mesenchymal_tumor
149.62390197286237,93.80357645988691,0.0,mesenchymal_tumor
46.84454658678818,-90.43275235281105,0.0,mesenchymal_tumor
110.33774987580172,25.509457009571797,0.0,mesenchymal_tumor
-124.47738170025039,150.20500451991407,0.0,mesenchymal_tumor
-132.54927102705116,-46.5968697458475,0.0,mesenchymal_tumor
-167.10879771116856,57.563289893587715,0.0,mesenchymal_tumor
89.34854508133927,-49.56522223443016,0.0,mesenchymal_tumor
102.4472700848925,-138.38393940660785,0.0,mesenchymal_tumor
119.39183993038657,107.09372047396718,0.0,mesenchymal_tumor
46.959430305359035,-45.23625763872013,0.0,mesenchymal_tumor
19.193170062320238,-74.69315865271616,0.0,mesenchymal_tumor
-142.40929666173744,99.44640368722102,0.0,mesenchymal_tumor
-43.53975576783591,63.12412885045103,0.0,mesenchymal_tumor
87.48553133778242,-178.6354025405429,0.0,mesenchymal_tumor
160.39634449227427,-84.59391612987987,0.0,mesenchymal_tumor
12.588684970323806,-134.8948120418502,0.0,mesenchymal_tumor
-82.64169951636876,61.10993240793319,0.0,mesenchymal_tumor
29.28698256359974,13.372802143130253,0.0,mesenchymal_tumor
94.33823541519675,-22.263342985901286,0.0,mesenchymal_tumor
-149.09702207771085,67.32227960710526,0.0,mesenchymal_tumor
-138.6446758595207,55.38597581030467,0.0,mesenchymal_tumor
30.927741643333057,142.72980142492867,0.0,mesenchymal_tumor
97.25461885829853,137.5048760052044,0.0,mesenchymal_tumor
-183.38461052273408,47.330363651884625,0.0,mesenchymal_tumor
60.06885259647772,22.81921861513152,0.0,mesenchymal_tumor
3.5817913541429878,52.605063512869314,0.0,mesenchymal_tumor
-52.11709984170193,149.83628194856863,0.0,mesenchymal_tumor
91.30668358868652,37.68060415591593,0.0,mesenchymal_tumor
72.09637625156623,-169.60724180059174,0.0,mesenchymal_tumor
-135.7241005094572,-133.85382908532705,0.0,mesenchymal_tumor
90.42187469436188,97.15489779936586,0.0,mesenchymal_tumor
53.31992234773404,147.0068320924123,0.0,mesenchymal_tumor
46.54069705009781,-87.84949309162904,0.0,mesenchymal_tumor
179.06863716164008,12.431425579270037,0.0,mesenchymal_tumor
194.55619077119317,23.575651822158676,0.0,mesenchymal_tumor
97.7633192618482,113.89935952847941,0.0,mesenchymal_tumor
156.131088396821,11.913528054270406,0.0,mesenchymal_tumor
35.16415216373329,-104.77020651996293,0.0,mesenchymal_tumor
153.9531404401839,126.9318836844463,0.0,mesenchymal_tumor
65.52023925536918,-97.25285769782934,0.0,mesenchymal_tumor
110.21822283273312,151.7999563839025,0.0,mesenchymal_tumor
-152.327089542387,23.1283426277651,0.0,mesenchymal_tumor
-62.49465732692991,16.277664468449075,0.0,mesenchymal_tumor
172.51410534181187,-49.7268202280566,0.0,mesenchymal_tumor
-52.47379470699664,-128.12579151248582,0.0,mesenchymal_tumor
101.62355240511066,-158.21130890682622,0.0,mesenchymal_tumor
-136.58784200247766,33.721412831563725,0.0,mesenchymal_tumor
118.49584293020673,-91.7744722123917,0.0,mesenchymal_tumor
122.16009801132697,54.3757286708705,0.0,mesenchymal_tumor
-12.73893631376834,-161.00689109922865,0.0,mesenchymal_tumor
154.76198732483437,41.47484668162006,0.0,mesenchymal_tumor
14.99195624236153,7.295994166482012,0.0,mesenchymal_tumor
175.09835574516754,-49.08439464500882,0.0,mesenchymal_tumor
-50.47964507520701,167.6957027429419,0.0,mesenchymal_tumor
-37.98110302042067,-61.00357655038979,0.0,mesenchymal_tumor
93.76651192915625,66.69166280168625,0.0,mesenchymal_tumor
-1.9468158046237607,20.531231604842876,0.0,mesenchymal_tumor
183.2650463910359,-37.52021280099387,0.0,mesenchymal_tumor
-83.27847565126667,-82.9271398532576,0.0,mesenchymal_tumor
88.25437885414044,84.3350951212424,0.0,mesenchymal_tumor
-70.76857278647616,-89.94868134143321,0.0,mesenchymal_tumor
178.1431603514081,-35.73893389052948,0.0,mesenchymal_tumor
161.84893488032557,-20.4769304717769,0.0,mesenchymal_tumor
-1.287506226947593,-106.34252717789802,0.0,mesenchymal_tumor
101.71598937463848,105.75198875550939,0.0,mesenchymal_tumor
25.54591556542078,158.80723113808347,0.0,mesenchymal_tumor
-82.43850052001156,32.99675612277432,0.0,mesenchymal_tumor
3.7285316943581326,63.68532097343714,0.0,mesenchymal_tumor
141.2584980982458,-121.53165967030738,0.0,mesenchymal_tumor
23.521228063185685,-53.47910151339528,0.0,mesenchymal_tumor
173.33583173161736,-96.82032419970457,0.0,mesenchymal_tumor
-83.27531715878632,21.080835186673056,0.0,mesenchymal_tumor
27.57692400457367,-164.42154747978168,0.0,mesenchymal_tumor
-14.968743550601813,-4.3515676029229775,0.0,mesenchymal_tumor
57.139901824513274,15.891998959543143,0.0,mesenchymal_tumor
-29.128982883435796,-191.53836688874495,0.0,mesenchymal_tumor
-85.2414172101116,-3.1360436351372707,0.0,mesenchymal_tumor
-173.9478333316211,-47.27816551282355,0.0,mesenchymal_tumor
-43.9196845276385,142.60867538332505,0.0,mesenchymal_tumor
84.31598565584785,-86.11192437242266,0.0,mesenchymal_tumor
50.42720347944233,79.53966754059837,0.0,mesenchymal_tumor
1.1756971446091034,56.33339944420006,0.0,mesenchymal_tumor
129.67244172572128,93.19322748811187,0.0,mesenchymal_tumor
40.54728132385476,136.47263176051027,0.0,mesenchymal_tumor
-81.07688848692737,-72.37599733232167,0.0,mesenchymal_tumor
23.578660198154868,-109.37866855553244,0.0,mesenchymal_tumor
10.778752149717842,-155.83670551351133,0.0,mesenchymal_tumor
39.651535444497604,128.83333569674312,0.0,mesenchymal_tumor
-42.24693591331845,80.48431644513461,0.0,mesenchymal_tumor
90.78003440244152,-88.9161510968379,0.0,mesenchymal_tumor
-74.29791244371167,24.85998299753839,0.0,mesenchymal_tumor
-134.11970464938412,-88.75829767212755,0.0,mesenchymal_tumor
-41.738206281700606,-117.36053192669135,0.0,mesenchymal_tumor
-109.18653470892843,139.86565154051476,0.0,mesenchymal_tumor
-149.09649345611678,-92.27384433981447,0.0,mesenchymal_tumor
157.6469373570965,68.04781525007402,0.0,mesenchymal_tumor
-133.67504665490895,-53.56808005197193,0.0,mesenchymal_tumor
61.30858949420898,-170.32809543512434,0.0,mesenchymal_tumor
-27.12021277063413,0.2972459507100682,0.0,mesenchymal_tumor
-51.241134213482404,87.59813460410784,0.0,mesenchymal_tumor
46.00663606582797,-185.88489030995814,0.0,mesenchymal_tumor
91.56587297798949,121.87856057385098,0.0,mesenchymal_tumor
139.03973560629387,86.53166698250485,0.0,mesenchymal_tumor
-1.2331500717981232,-13.652251976725898,0.0,mesenchymal_tumor
-117.80728677262879,-147.17104636577403,0.0,mesenchymal_tumor
23.46838164682618,-103.00864348708129,0.0,mesenchymal_tumor
102.21792874997647,-161.51282916565663,0.0,mesenchymal_tumor
-93.13284498907564,-57.28891928522361,0.0,mesenchymal_tumor
-5.103303884021886,8.690006650973151,0.0,mesenchymal_tumor
77.70196896450997,-137.83725946431127,0.0,mesenchymal_tumor
-48.224106340240276,152.56464641563014,0.0,mesenchymal_tumor
-51.58346532826835,24.409334107634447,0.0,mesenchymal_tumor
57.77161819311978,136.07836001955073,0.0,mesenchymal_tumor
-42.571384593773665,4.573021173338028,0.0,mesenchymal_tumor
-25.790764365192373,-184.87205634869918,0.0,mesenchymal_tumor
-23.738792098315063,-183.35387121394444,0.0,mesenchymal_tumor
-136.4872576557603,-113.23768460476394,0.0,mesenchymal_tumor
-107.55356215285344,-162.5194716471452,0.0,mesenchymal_tumor
101.86342405284947,38.165640923404474,0.0,mesenchymal_tumor
3.2048546434486873,168.80942451070007,0.0,mesenchymal_tumor
-21.74513007936635,156.6705167051884,0.0,mesenchymal_tumor
18.472602834922256,-109.03371735503126,0.0,mesenchymal_tumor
189.51148440881965,40.63084199262595,0.0,mesenchymal_tumor
120.97203067917673,144.82640293261076,0.0,mesenchymal_tumor
-105.84298264200106,150.91490669422905,0.0,mesenchymal_tumor
-49.1275791090351,-81.64670319087278,0.0,mesenchymal_tumor
86.88464413571559,-36.42290313075997,0.0,mesenchymal_tumor
-3.672219896523496,57.45916254439177,0.0,mesenchymal_tumor
-6.9917144183449595,170.3109931253066,0.0,mesenchymal_tumor
-103.44094386106121,-45.017963253044925,0.0,mesenchymal_tumor
-71.98615147833735,-58.43862073495214,0.0,mesenchymal_tumor
55.3850561502871,77.5005672790332,0.0,mesenchymal_tumor
108.18262103405611,-147.69496829762198,0.0,mesenchymal_tumor
62.64620251174853,55.06857606963786,0.0,mesenchymal_tumor
136.39490803210484,61.75844580529343,0.0,mesenchymal_tumor
164.27624346045664,92.64471994080768,0.0,mesenchymal_tumor
20.630703238145056,35.27529625528144,0.0,mesenchymal_tumor
-85.15585024804925,-152.66890191071704,0.0,mesenchymal_tumor
-70.83724669497064,-98.76384946075096,0.0,mesenchymal_tumor
-146.41835402800902,-11.525826268011004,0.0,mesenchymal_tumor
187.09609863342254,63.34443324068259,0.0,mesenchymal_tumor
-5.358991277664928,98.83910979121296,0.0,mesenchymal_tumor
6.142978808447473,-144.72311165481437,0.0,mesenchymal_tumor
35.95533528874975,-34.69883703973336,0.0,mesenchymal_tumor
7.930832003619869,112.47493723871905,0.0,mesenchymal_tumor
2.547027694766526,-18.29798342853729,0.0,mesenchymal_tumor
-107.59228151636965,24.809383567515418,0.0,mesenchymal_tumor
-152.4363615017784,2.095280916952494,0.0,mesenchymal_tumor
73.88074302787881,-151.766019809634,0.0,mesenchymal_tumor
141.8119737895157,-32.18871032533408,0.0,mesenchymal_tumor
-29.114629019817798,122.49807360842757,0.0,mesenchymal_tumor
-106.93566766087376,-120.65505553023326,0.0,mesenchymal_tumor
118.99153237145661,-70.28053515901671,0.0,fibroblast
-59.34672620462301,-167.81038868792518,0.0,fibroblast
101.90149351733199,-127.72049672470571,0.0,fibroblast
68.17836236099156,-7.084359764060104,0.0,fibroblast
36.283149195309655,82.73747437163323,0.0,fibroblast
108.98840393524785,154.25810232010798,0.0,fibroblast
54.35713493767788,31.44267661204902,0.0,fibroblast
-122.95665275793382,-4.023977743270706,0.0,fibroblast
138.78717450174383,-13.90242950831687,0.0,fibroblast
69.59249257604452,119.30237013645157,0.0,fibroblast
59.97519908262372,97.50364592699795,0.0,fibroblast
-76.9234868900768,-13.375310255811284,0.0,fibroblast
161.37811517494978,87.93641099014908,0.0,fibroblast
80.47323626550887,-99.5759353200672,0.0,fibroblast
-38.837892231625986,-152.22733007376462,0.0,fibroblast
71.09476601282982,-147.13681495666768,0.0,fibroblast
-167.19793117821018,6.082711525405598,0.0,fibroblast
42.588775256766425,82.00148347088187,0.0,fibroblast
61.603705097673135,45.13581015705796,0.0,fibroblast
-92.4585268397469,130.78264285214982,0.0,fibroblast
-113.28019054605875,-158.30473035035075,0.0,fibroblast
59.74060788299258,-92.27032719921768,0.0,fibroblast
-106.7802616450225,-119.81035743982771,0.0,fibroblast
-68.72851712073678,134.66965683072044,0.0,fibroblast
83.39113161641926,163.36334297492536,0.0,fibroblast
95.91145286790591,-157.53097529576925,0.0,fibroblast
-56.23588409979157,-153.62364113691942,0.0,fibroblast
15.681073290879851,65.57838557089144,0.0,fibroblast
-21.776635540402758,-31.26094056737273,0.0,fibroblast
11.015160796537378,-108.75715419797413,0.0,fibroblast
-5.452270367754873,84.23826845579731,0.0,fibroblast
-103.65727933228985,-41.37315438401019,0.0,fibroblast
-114.12369570349517,29.02830442675372,0.0,fibroblast
-133.3477092499334,124.59177806422456,0.0,fibroblast
-138.23061937145908,73.13550126228586,0.0,fibroblast
149.99454136904384,-84.83670801872032,0.0,fibroblast
-17.579101947486656,64.70825834335632,0.0,fibroblast
66.33985723819295,-184.60524366644668,0.0,fibroblast
-25.292666087591545,-171.31381620363058,0.0,fibroblast
-38.77512608253163,193.2144699238192,0.0,fibroblast
-36.565691930793065,-122.08842416533948,0.0,fibroblast
4.899347319100761,96.10960517167909,0.0,fibroblast
-56.70334835559366,169.90693737403316,0.0,fibroblast
-48.83074985409868,150.54589553324115,0.0,fibroblast
78.66789138703436,-54.99754940184398,0.0,fibroblast
-153.7235168059207,-101.97813232761669,0.0,fibroblast
169.8861791229154,91.96788106389734,0.0,fibroblast
82.35762667863428,18.23004161068457,0.0,fibroblast
72.12445238473894,-92.1472542728605,0.0,fibroblast
69.86312386959618,-124.52280680886979,0.0,fibroblast
70.0069343588717,46.845428841178524,0.0,fibroblast
52.48862364088678,-96.49824796825051,0.0,fibroblast
-148.5776351984327,-16.352432265709965,0.0,fibroblast
-114.44568619901978,49.870395738392894,0.0,fibroblast
148.2258543078442,-118.71569340223422,0.0,fibroblast
-95.76425402777211,-103.67237240606804,0.0,fibroblast
9.726787300246954,122.93351335474401,0.0,fibroblast
-128.6855085716614,114.15566993436663,0.0,fibroblast
124.8665513274939,-40.111470514507225,0.0,fibroblast
-140.897978704886,-5.550135944522659,0.0,fibroblast
-4.603859436417505,166.80576819770255,0.0,fibroblast
79.96198547805838,23.584976684676324,0.0,fibroblast
160.0822853630712,-28.94248949750108,0.0,fibroblast
59.236047924515624,168.16468796962857,0.0,fibroblast
27.87344653440864,100.6265688631601,0.0,fibroblast
51.09873163534136,2.462539502318965,0.0,fibroblast
133.65289065279632,107.8029733599591,0.0,fibroblast
-144.9907398258364,-70.52106518758536,0.0,fibroblast
88.05569232524597,-40.256798693647156,0.0,fibroblast
-68.07528245062396,-61.60564651779289,0.0,fibroblast
-126.30908431644593,-5.886544110226189,0.0,fibroblast
-51.751538642937646,-167.31820102133833,0.0,fibroblast
-25.27067302139385,161.31345056110894,0.0,fibroblast
-64.15018183747443,40.135960979260965,0.0,fibroblast
-135.02475466710814,-108.74081078706045,0.0,fibroblast
158.03634051342706,-45.84865063938139,0.0,fibroblast
-40.42561614856575,-46.67600373919115,0.0,fibroblast
132.1120365875747,51.851006885785885,0.0,fibroblast
126.38701019537508,110.70406597622036,0.0,fibroblast
-73.45764160399884,79.16311942218825,0.0,fibroblast
0.22381295063573195,-30.236707399529315,0.0,fibroblast
-47.68162917399569,61.65352398489634,0.0,fibroblast
-82.81557912894516,-172.24100874702881,0.0,fibroblast
89.94086833912256,5.7330312029012465,0.0,fibroblast
-61.162445923942094,-52.28651156379211,0.0,fibroblast
140.79283252409184,133.1459572357063,0.0,fibroblast
-30.07064810844856,-6.5170475242973716,0.0,fibroblast
-137.83698451381107,73.49816347874084,0.0,fibroblast
-29.501607624842286,-15.549142466136695,0.0,fibroblast
-173.07944582161568,-66.82489106440163,0.0,fibroblast
-53.218206882819615,-75.51152696250477,0.0,fibroblast
-171.58315995554642,80.8316828730817,0.0,fibroblast
-52.98513226708121,143.44621332829797,0.0,fibroblast
19.157562847169395,-61.06864322276781,0.0,fibroblast
129.86337190393533,-75.0108515050092,0.0,fibroblast
-169.0868612963971,-96.02171955395724,0.0,fibroblast
-51.62245531237684,-180.1583680576637,0.0,fibroblast
57.19159451017084,99.33751842644367,0.0,fibroblast
77.14216390036317,-63.73836690397013,0.0,fibroblast
141.6251933085223,22.839847750107385,0.0,fibroblast
-51.891238913932916,81.08549394155312,0.0,fibroblast
-53.81495956728906,132.9407871341658,0.0,fibroblast
-104.72133971346338,119.39607027247803,0.0,fibroblast
-158.89026800594496,47.24472514565371,0.0,fibroblast
-106.16172139547797,9.638510048206864,0.0,fibroblast
82.48656139150114,-18.973377840719873,0.0,fibroblast
107.5357041590943,21.183604676663908,0.0,fibroblast
155.36516079458002,22.961046842897975,0.0,fibroblast
-48.026253785306146,190.80417659792195,0.0,fibroblast
153.44612396375172,-43.62117433638526,0.0,fibroblast
-30.209413009947063,-22.813596447244887,0.0,fibroblast
-31.037034691730902,126.11349629504957,0.0,fibroblast
-132.66323218453826,116.20216591237823,0.0,fibroblast
102.49262634532325,149.08430004057072,0.0,fibroblast
10.846761992635873,-144.7759809923995,0.0,fibroblast
-29.319015909806655,85.92750778344245,0.0,fibroblast
114.58828740367203,43.42077611798139,0.0,fibroblast
176.982792168736,-37.90867882769759,0.0,fibroblast
-102.05395549735692,-56.49572633001644,0.0,fibroblast
-124.98003460554061,-126.93378389328437,0.0,fibroblast
99.18172328319285,-3.8354536401838777,0.0,fibroblast
-149.02130209553857,-69.41331943853122,0.0,fibroblast
-81.44145307148378,63.059648131025774,0.0,fibroblast
-155.7737573269535,-43.167242983168265,0.0,fibroblast
125.44125409544384,-80.21173912600582,0.0,fibroblast
126.08974877397075,-134.32409553298223,0.0,fibroblast
131.67293508533953,131.3767780598655,0.0,fibroblast
129.96613678853421,-126.59587066408861,0.0,fibroblast
-104.18880258285786,24.89196700411376,0.0,fibroblast
126.18383502286986,-145.7882622689299,0.0,fibroblast
-43.0293794505519,188.1465267508872,0.0,fibroblast
-150.75056625423576,130.33307358173633,0.0,fibroblast
-27.183983594650623,-14.344890919772944,0.0,fibroblast
-68.21776291688505,44.759044614850545,0.0,fibroblast
-151.01038703452923,-75.19369300451046,0.0,fibroblast
109.34880326743338,89.61293011613608,0.0,fibroblast
109.36658391421227,-156.72209211117612,0.0,fibroblast
142.60415591691364,-128.18828210401793,0.0,fibroblast
-132.36909222811136,-135.04493762634843,0.0,fibroblast
-116.66831887683563,17.095669803156927,0.0,fibroblast
-30.653109163845325,-81.17111903973571,0.0,fibroblast
-115.73441359338767,142.22042493297903,0.0,fibroblast
47.232755663747916,187.40162286824687,0.0,fibroblast
98.93260616763325,-1.3546666885624594,0.0,fibroblast
-41.62498309154723,144.56361744825782,0.0,fibroblast
89.11136373518788,-152.54437836696593,0.0,fibroblast
2.466099422684142,-114.48078165919857,0.0,fibroblast
10.926927271757148,-107.54118901716213,0.0,fibroblast
95.98325949237166,59.73896461852939,0.0,fibroblast
-79.1008658473421,51.92894774900053,0.0,fibroblast
-106.95715275095867,149.53181104950022,0.0,fibroblast
184.10083652131166,-62.788910457836856,0.0,fibroblast
-74.52936217352767,-10.643698139260596,0.0,fibroblast
-99.67882885629218,-0.3909814427705766,0.0,fibroblast
90.45595748601585,29.53300309188397,0.0,fibroblast
-28.826104187482148,98.54835877936803,0.0,fibroblast
43.9012937976756,-125.6873045169243,0.0,fibroblast
132.61387339424448,-88.7773819194177,0.0,fibroblast
11.419744841167597,75.24695097762073,0.0,fibroblast
-158.28806935521814,-120.39781250805184,0.0,fibroblast
87.13699002452694,84.88937849193508,0.0,fibroblast
-149.94297737035356,49.39762756143645,0.0,fibroblast
166.4225194427097,80.59262916554306,0.0,fibroblast
-16.774991723268283,-72.79347355779734,0.0,fibroblast
-125.45933377735024,-42.95518280545848,0.0,fibroblast
24.361556592077168,-151.67700587874472,0.0,fibroblast
-32.62556641035448,149.15060668286273,0.0,fibroblast
175.9768181215336,62.52251115802891,0.0,fibroblast
111.59616958893994,0.09444398438125692,0.0,fibroblast
-25.197059942651475,151.8569884751815,0.0,fibroblast
26.684181393379276,-42.43638626571922,0.0,fibroblast
-4.777121745619181,-83.49596055166046,0.0,fibroblast
-113.26635926000466,136.50651311717638,0.0,fibroblast
-24.744029969653802,58.848625239289575,0.0,fibroblast
-130.39960674166505,57.5830406202733,0.0,fibroblast
151.3238936527188,-34.746118789377064,0.0,fibroblast
-195.7798891571776,7.613314896548556,0.0,fibroblast
-9.795178046337432,-32.833310421337096,0.0,fibroblast
-16.916014614995476,-71.54069345176129,0.0,fibroblast
4.804863975138835,-69.17067671314197,0.0,fibroblast
-52.76196808263708,169.41172443347668,0.0,fibroblast
-50.386352879727106,-64.24559387136277,0.0,fibroblast
179.79315530438453,-50.037048403625946,0.0,fibroblast
-111.46186523653364,30.342314747369297,0.0,fibroblast
-112.11479657713218,119.67120949865428,0.0,fibroblast
-56.68642324823527,32.80501160645824,0.0,fibroblast
41.17439443968888,169.13325703238496,0.0,fibroblast
130.39496389596994,-122.20758901305422,0.0,fibroblast
-67.32830877127556,-54.115483128619225,0.0,fibroblast
-109.60001761767991,-154.16700409677435,0.0,fibroblast
-109.44935760259175,-140.79523403255894,0.0,fibroblast
51.59623940251192,156.1725970829092,0.0,fibroblast
-22.87419071868428,25.047840271372934,0.0,fibroblast
-178.49525978956353,-17.8485563558495,0.0,fibroblast
142.67771549350576,13.209741033889669,0.0,fibroblast
106.80976015726075,13.035020580487156,0.0,fibroblast
-186.85753494465294,8.383027090138619,0.0,fibroblast
-78.36626442591034,-53.352491581773315,0.0,fibroblast
156.47777846450984,-36.529483299337734,0.0,fibroblast
-34.342885190922125,83.85752496378365,0.0,fibroblast
-356.1620055923892,-47.94344804818132,0.0,CD4
-76.21222062027266,273.12529400222866,0.0,CD4
211.2641659244026,-302.36864129872686,0.0,CD4
63.087915501983076,-298.04747473867275,0.0,CD4
39.84413984383745,289.54366039112995,0.0,CD4
-3.4146191203966954,-212.63429582365825,0.0,CD4
210.24648248104702,108.13466482280181,0.0,CD4
101.90722377935695,287.775690380202,0.0,CD4
56.725024075260094,-284.50458668027795,0.0,CD4
146.25715748581578,-361.91628690224496,0.0,CD4
-111.06017080272463,-215.0545407993847,0.0,CD4
264.2217885754547,-150.74059801345766,0.0,CD4
237.46882338038662,-196.09684970807305,0.0,CD4
153.66331621738854,204.1337070509029,0.0,CD4
-343.6670822076989,117.24531846308861,0.0,CD4
-291.85639989152367,-55.02814762930205,0.0,CD4
139.2577882074939,-372.31177590757045,0.0,CD4
193.56203637744593,-253.51168020353927,0.0,CD4
-23.23440549603306,387.0805791524681,0.0,CD4
194.523302170506,-71.83065936258782,0.0,CD4
363.8626490593568,-52.23346011976836,0.0,CD4
-382.2071889863854,55.866746021227776,0.0,CD4
-210.45681218643296,-256.41011630735255,0.0,CD4
-267.7303559433035,-116.02769738256555,0.0,CD4
308.7570440481495,-154.41277080221823,0.0,CD4
57.97192740385473,327.0164225923345,0.0,CD4
-27.762133307393505,-207.79415606537674,0.0,CD4
336.93107500814443,62.45326519184566,0.0,CD4
201.99961239049043,186.1450985615714,0.0,CD4
336.5968969080902,-186.3394085718493,0.0,CD4
21.124959909320157,-304.9420576221346,0.0,CD4
-302.74320551630973,-159.37625242253213,0.0,CD4
-2.322070924823646,369.0536910273986,0.0,CD4
211.72540948485474,-119.46637667679164,0.0,CD4
154.07047764618085,303.4248232214835,0.0,CD4
373.83359028063995,-120.27461654015156,0.0,CD4
-253.884596594891,-139.7588330403565,0.0,CD4
-61.060507451339326,294.88674483805937,0.0,CD4
259.7702968402567,-90.84637126849681,0.0,CD4
73.87300681599093,-382.48158624015497,0.0,CD4
87.34005622239417,298.3865850482149,0.0,CD4
-183.95683225562263,326.9604034950319,0.0,CD4
357.14992939498165,171.2477544750525,0.0,CD4
-311.5889431295738,-13.557178575994133,0.0,CD4
200.0993295224299,-334.3769232485914,0.0,CD4
42.67597068898208,-319.66219363332476,0.0,CD4
233.65999563609648,-231.08131604376848,0.0,CD4
-385.03151174783204,-54.82322838478018,0.0,CD4
36.35395299356458,240.5246585486531,0.0,CD4
35.87895097246013,290.1172811754319,0.0,CD4
347.26276135099147,-73.40524753392998,0.0,CD4
-14.839836434644315,-291.2002888350024,0.0,CD4
-125.63953380926957,363.74642736655437,0.0,CD4
90.0408245492614,-201.84987029900603,0.0,CD4
10.503178428814161,-393.39302710033485,0.0,CD4
-132.17444755287642,-211.23716784421728,0.0,CD4
-95.86493586971835,-366.8627849806945,0.0,CD4
-344.0042370996028,-199.87941725178075,0.0,CD4
-34.540810733052226,357.5811426694062,0.0,CD4
-76.39031513775,-336.0350235985435,0.0,CD4
-349.93846126541166,-30.53937985982366,0.0,CD4
-54.88202341860793,-240.73916012995542,0.0,CD4
-60.12880123443521,394.5195812236629,0.0,CD4
-154.6922812425216,226.57410120726436,0.0,CD4
141.91648179295126,-179.35350373282697,0.0,CD4
-205.9392070594204,-84.65590299356212,0.0,CD4
-277.6307799703958,259.0183447232645,0.0,CD4
151.7471172669994,-242.47836772272584,0.0,CD4
264.3693091170418,-49.98865745430305,0.0,CD4
-71.2227222336782,-244.410674153012,0.0,CD4
217.82829368129808,-45.77380008809238,0.0,CD4
-75.46578123772659,-375.7379597113288,0.0,CD4
117.34298253315663,-361.11768473764386,0.0,CD4
264.55236811008257,287.87405646056067,0.0,CD4
-123.05913212198338,312.02637624520867,0.0,CD4
-177.91713525726277,-337.0658796806553,0.0,CD4
-168.54440735673853,-168.277962113446,0.0,CD4
228.05779339702508,-152.72129835916544,0.0,CD4
317.0064552046451,107.05962707180306,0.0,CD4
-136.090922127295,365.1652336500572,0.0,CD4
-173.89870691473382,298.09353452570156,0.0,CD4
338.3917294654651,154.97892777208892,0.0,CD4
-358.3062240096619,161.0586934896245,0.0,CD4
255.6002899190136,94.90882817849064,0.0,CD4
-175.17076239416204,-216.5062028422441,0.0,CD4
104.68261616371825,315.3704956600267,0.0,CD4
178.20319583921187,131.83572131175328,0.0,CD4
-346.6339762527272,157.77433281600975,0.0,CD4
-337.63918707670507,-39.85681577048281,0.0,CD4
259.9983951479583,224.33957330209063,0.0,CD4
-86.67277761798448,-295.2419517316156,0.0,CD4
-221.13658167850093,23.654968716316763,0.0,CD4
344.55295918547813,180.9910778793435,0.0,CD4
-80.93847547006524,264.3304678874624,0.0,CD4
-261.24760720922353,-256.8488746220539,0.0,CD4
312.22410119520833,29.732957861072116,0.0,CD4
-122.52299056208176,-244.34740104175648,0.0,CD4
-133.80609269353934,320.7120526728909,0.0,CD4
252.55113167710667,-282.518357808741,0.0,CD4
234.447004435221,-212.004358154142,0.0,CD4
-110.21044262102589,-347.6431896952558,0.0,CD4
332.8478008671167,32.29681187634185,0.0,CD4
-244.88442113655202,79.1354990819829,0.0,CD4
184.17636335959432,-291.0167199521691,0.0,CD4
-307.5343711852924,136.34594507643905,0.0,CD4
238.10467270826314,-141.72762943740216,0.0,CD4
-268.46468550829326,117.37195838035277,0.0,CD4
-253.51668978009744,-159.66921437006684,0.0,CD4
16.14295780610508,321.77300213986877,0.0,CD4
-255.470077798628,67.40945761726364,0.0,CD4
-180.2635771471446,-342.38974333291407,0.0,CD4
271.5908753385134,-122.19578333046563,0.0,CD4
-154.23449993316405,-139.07870557776903,0.0,CD4
308.29585829752494,-167.55838639426344,0.0,CD4
-34.8028436151148,292.41820781818603,0.0,CD4
-151.98944175875397,-262.47734762988955,0.0,CD4
-260.7482401620794,-278.53443139102615,0.0,CD4
-326.312773181633,159.60143307473504,0.0,CD4
327.38707927573904,-138.55624128962734,0.0,CD4
-70.46812540781535,212.12435654396361,0.0,CD4
-386.3929497136308,21.64018006445169,0.0,CD4
33.89351397980381,-372.52339390948674,0.0,CD4
307.143867041053,145.6922244263991,0.0,CD4
147.45769943852005,-135.55336668216503,0.0,CD4
184.1981268947512,153.2257211483852,0.0,CD4
0.10273469003393731,379.77619626866795,0.0,CD4
-203.5068955454219,256.0362454494719,0.0,CD4
76.09289941260914,-301.92521767707296,0.0,CD4
260.5801166061777,-79.60067159382491,0.0,CD4
302.5362235726766,227.3527045209975,0.0,CD4
-378.8546726421782,-7.457544855662862,0.0,CD4
-3.926513724792647,-380.0767759354983,0.0,CD4
182.14056458495557,288.46940603113757,0.0,CD4
146.3091291676985,248.40756893485823,0.0,CD4
-29.852324099694698,-268.86627932161196,0.0,CD4
184.44518256312162,-150.92367108354816,0.0,CD4
233.99190550460295,182.31765104793035,0.0,CD4
320.26696616523316,-82.524927805905,0.0,CD4
-334.8738084772841,195.848845582142,0.0,CD4
-115.44186134949649,-329.9221014590547,0.0,CD4
-287.0059034558455,-0.20332712515225898,0.0,CD4
-175.71556703352255,-190.49324753890292,0.0,CD4
224.065571084782,280.9143774792456,0.0,CD4
-280.0494069889574,226.21864486492265,0.0,CD4
57.68486680978008,-209.52469963342222,0.0,CD4
-253.56244276503986,-101.64464028982705,0.0,CD4
-6.031532183739158,293.30696627807146,0.0,CD4
181.21748702358022,-272.7808885111182,0.0,CD4
65.54558968741883,-245.28800393514044,0.0,CD4
159.59936143087293,-205.82362503321716,0.0,CD4
287.5516790910102,148.11092323912013,0.0,CD4
267.2342149065829,-259.4553230948696,0.0,CD4
280.2161746488624,-56.99181973872191,0.0,CD4
293.3386045673831,147.39254298535496,0.0,CD4
-98.69076819048297,205.8141089730327,0.0,CD4
-241.97349556386405,55.30436732747076,0.0,CD4
91.15862261058865,-255.74787208346518,0.0,CD4
237.57314058666148,105.41088503987051,0.0,CD4
-322.51721700199414,-36.64871567881589,0.0,CD4
-265.22220301011595,-250.55017236023124,0.0,CD4
215.99245020048406,-140.46951729974205,0.0,CD4
-120.58343581081513,-175.36988347804683,0.0,CD4
-169.83359116106678,-186.3888424009674,0.0,CD4
-208.43215321208282,106.44765614277566,0.0,CD4
117.59021370925589,286.0223775389435,0.0,CD4
-153.70815126004456,139.3371122657241,0.0,CD4
110.4989675855098,-369.55571661578495,0.0,CD4
-110.98646302072399,-306.1082858494166,0.0,CD4
-19.213155243408035,208.35253881543133,0.0,CD4
66.46816136906466,-373.56221025951425,0.0,CD4
317.01553847815785,196.7003202903682,0.0,CD4
343.13945614778623,73.70997984155,0.0,CD4
-264.2065170407462,-99.52653879912391,0.0,CD4
165.39080111499268,-322.5126529198169,0.0,CD4
370.0617773838193,-2.5749032017959137,0.0,CD4
73.97301915707455,-343.71344219106766,0.0,CD4
22.117773491157017,-244.5836941704416,0.0,CD4
210.86945212815922,52.64480201379586,0.0,CD4
-188.38051214579676,-79.27426648020587,0.0,CD4
14.37848535897172,-339.8196218044456,0.0,CD4
-253.47261192533801,211.76339920148848,0.0,CD4
262.39611157415555,-127.15498592743745,0.0,CD4
-312.3104812568975,-54.86582485017281,0.0,CD4
216.8953588163861,-25.853811469092257,0.0,CD4
-56.25354613228556,-252.40995330151586,0.0,CD4
-248.6787114840068,72.64730933487827,0.0,CD4
-249.0089651574518,254.95395542799997,0.0,CD4
-244.7914627208952,-0.5528544245575344,0.0,CD4
-204.59040032665843,-234.84489466608568,0.0,CD4
-97.58302472339206,-336.98236426464916,0.0,CD4
50.23596062761523,-271.65936417820603,0.0,CD4
-347.1133519095634,-79.73314923073397,0.0,CD4
193.3281039120828,279.5010578367606,0.0,CD4
290.11449202192165,-156.40195524451693,0.0,CD4
-245.09429174495637,128.1286485177284,0.0,CD4
128.42699567801017,368.6945166736239,0.0,CD4
126.35895142643405,-368.00529480487387,0.0,CD4
-355.1533477052792,79.36387954122031,0.0,CD4
-195.5692281278794,329.37012143674133,0.0,CD4
68.13189717253003,270.9545478511665,0.0,CD4
281.37078730292853,-57.78718265540495,0.0,CD8
74.77620410567764,-238.82219878262632,0.0,CD8
-181.04423112452383,232.4350746434526,0.0,CD8
93.91343196142543,370.66612290864964,0.0,CD8
-215.60708681074163,327.57899246691704,0.0,CD8
273.1980493557044,156.3686813862934,0.0,CD8
-346.9032998403576,-146.01719858488337,0.0,CD8
-227.1431327998278,-126.17541001554994,0.0,CD8
-216.72861343971906,-214.01801789974246,0.0,CD8
266.38211633221016,151.43704253126538,0.0,CD8
-270.7768016465126,72.3755870954627,0.0,CD8
-97.17419682562372,228.98163026721124,0.0,CD8
294.9562955587441,-19.57852900663471,0.0,CD8
103.88833246456122,289.510985093397,0.0,CD8
-271.1396824601774,12.66869317346047,0.0,CD8
-188.98123639439504,224.3798228962136,0.0,CD8
-147.9353622430117,276.3159735171737,0.0,CD8
239.49823198909482,242.53310608557788,0.0,CD8
153.9541920766786,304.4735481102854,0.0,CD8
-349.08568040988365,22.789687811830763,0.0,CD8
-365.4999165196182,-125.55506813879356,0.0,CD8
190.99739191337352,234.52400481035994,0.0,CD8
144.19862876931953,-279.90761502228486,0.0,CD8
280.6192775127467,-53.66526544262685,0.0,CD8
-235.46765388600147,236.80819858959524,0.0,CD8
204.36190850618115,124.38201266713493,0.0,CD8
96.51536610630275,-325.1322303216843,0.0,CD8
66.90559394857169,356.8707585238888,0.0,CD8
159.54542264562912,-168.47377053616933,0.0,CD8
0.40769034602019394,-244.14852441509328,0.0,CD8
-137.7780967385795,186.61173267451704,0.0,CD8
89.99299400519689,329.291729666272,0.0,CD8
-303.0469213112034,61.62882668892682,0.0,CD8
207.19566746113892,302.7965194146808,0.0,CD8
-319.86778618024795,239.0161835105688,0.0,CD8
213.9636957411573,41.46217056645804,0.0,CD8
-220.18475700203223,-13.650090722877259,0.0,CD8
386.25275445437813,86.11237010928303,0.0,CD8
-45.76539257968227,-284.3050651306954,0.0,CD8
-42.900174988402505,217.1009796371167,0.0,CD8
108.9056038510605,-325.0983256078401,0.0,CD8
279.24065319858255,280.9523241922524,0.0,CD8
-89.00249275345499,-181.36833127557617,0.0,CD8
130.0257486990544,-247.98760915429543,0.0,CD8
-27.609916190608583,282.66936069128957,0.0,CD8
294.8472525301381,-260.4202280259449,0.0,CD8
-76.85777792976535,381.79884563264574,0.0,CD8
-56.825790644666114,-262.3417540584199,0.0,CD8
260.2371439455341,-16.19406028547973,0.0,CD8
247.61257199068868,133.98520121597136,0.0,CD8
109.83752683923484,257.06162464931856,0.0,CD8
-291.34723306627876,-198.56944950912927,0.0,CD8
-282.65369553785774,98.33513439281067,0.0,CD8
-230.8665960363305,42.59819236626265,0.0,CD8
5.032829513200506,-207.0384832708121,0.0,CD8
133.59589413307611,-296.3394781429032,0.0,CD8
350.06121015456984,15.137498806963183,0.0,CD8
-241.94763070490677,151.00313726408294,0.0,CD8
246.23540493251983,-189.6088162875679,0.0,CD8
123.30383300819034,283.1425833304704,0.0,CD8
166.50849569357507,-298.64500873937794,0.0,CD8
-306.22639988859345,-61.32219386791011,0.0,CD8
-119.77342301732091,369.08174630767775,0.0,CD8
135.9065802565723,227.85871693214816,0.0,CD8
301.95863542484506,-212.4666769317765,0.0,CD8
167.56066480263425,-321.08175469176206,0.0,CD8
-206.4235226948724,-108.23076754695025,0.0,CD8
-255.34042676538712,-173.17146254078833,0.0,CD8
-137.94440421674318,-213.54285275172927,0.0,CD8
161.73282725431073,305.57100143959826,0.0,CD8
-14.55105087007026,239.17477524015646,0.0,CD8
-97.5604413157862,-255.80771018126327,0.0,CD8
-250.59994280293517,-218.06837740557256,0.0,CD8
-282.4668796503386,40.471916689842566,0.0,CD8
73.70026882599313,-201.8622416527944,0.0,CD8
327.0551891736296,192.55646151831607,0.0,CD8
130.2355568384819,-202.65154734080232,0.0,CD8
113.631824662827,-295.6189747495504,0.0,CD8
-295.6378397704891,77.64380517311473,0.0,CD8
-199.31501756283453,-40.06579666327853,0.0,CD8
-273.63151930398527,179.13231916754208,0.0,CD8
284.4846999427905,-52.13918554329065,0.0,CD8
194.15661164918424,89.06472055146101,0.0,CD8
320.77864181039473,168.0491832416096,0.0,CD8
-191.94049232820393,-162.54234734658547,0.0,CD8
241.7197106609435,189.6330002639741,0.0,CD8
-130.90687186436813,-260.23694446911924,0.0,CD8
110.8350911252906,196.32640017102204,0.0,CD8
35.76772450213151,304.33993815532625,0.0,CD8
345.04707534655853,-92.95560545767076,0.0,CD8
-231.48760095490442,-245.95326235459606,0.0,CD8
-350.750315963837,-69.8694284548267,0.0,CD8
-45.04989233798294,-385.7413798945404,0.0,CD8
122.46680761064695,-213.36652243048388,0.0,CD8
-256.4612555751422,118.12924650570497,0.0,CD8
-1.9740974211116225,268.6995892740419,0.0,CD8
-351.22224785276643,-31.187327939332047,0.0,CD8
-292.8388252985645,226.69175716999493,0.0,CD8
-307.97466642801083,223.1297039225209,0.0,CD8
251.2551047328086,-15.281021067062344,0.0,CD8
-174.11871542761529,-272.4939165627352,0.0,CD8
297.886280008444,-121.13642905312881,0.0,CD8
58.33643546162473,336.450011040209,0.0,CD8
292.73467361274487,30.629702563130827,0.0,CD8
181.08653573151807,-306.43255758711666,0.0,CD8
-276.75016090421667,-159.5941734737381,0.0,CD8
-87.30001433031956,235.8025396198419,0.0,CD8
-61.96289342896374,387.44891073109466,0.0,CD8
304.8925259900523,-209.33077239962626,0.0,CD8
281.7572786619629,92.67150546966494,0.0,CD8
159.9310224111762,-355.3663543393176,0.0,CD8
-301.2764472641499,97.76794450003892,0.0,CD8
333.5666248303788,193.1205237038017,0.0,CD8
354.60817969965285,118.41482185379658,0.0,CD8
-187.047182461112,319.01286582422483,0.0,CD8
131.62491998562078,211.40052581011747,0.0,CD8
-35.07362233216892,305.80736443668536,0.0,CD8
-277.1934093505867,223.7643323284304,0.0,CD8
-215.2678755053437,-265.2804885382868,0.0,CD8
167.21229941128288,-128.54602426353333,0.0,CD8
-309.9127390560233,193.13318435086325,0.0,CD8
92.45866174459663,-178.49826281435347,0.0,CD8
-285.3661676038,215.68627189469407,0.0,CD8
-241.02406973232038,289.5858187136643,0.0,CD8
297.09455343106333,166.33100927937,0.0,CD8
-119.8676136590507,-187.3760368834517,0.0,CD8
-89.568322696892,354.01660962483595,0.0,CD8
-257.1306076601817,160.49480440001417,0.0,CD8
-348.69752642975845,-148.90083675201805,0.0,CD8
-298.6549860406561,-110.05322128588317,0.0,CD8
154.9652300737816,-338.2089933371666,0.0,CD8
201.4972045637989,-10.184176562622536,0.0,CD8
33.980525759845406,-350.92315089859585,0.0,CD8
285.7896572187655,215.54048349731548,0.0,CD8
-152.6548159124114,-294.27472634434224,0.0,CD8
-143.07751164967544,-287.3979391501854,0.0,CD8
-163.80390548510468,-362.9828025894042,0.0,CD8
-64.52935368583651,392.674678850579,0.0,CD8
-121.70037396858368,-321.1811958298177,0.0,CD8
148.13559538830805,159.69518619521884,0.0,CD8
355.1302255867106,103.16717659653916,0.0,CD8
-292.98096790066467,39.7676907474694,0.0,CD8
-14.227803860666747,263.30690683036505,0.0,CD8
-258.74837173125513,128.98796089151713,0.0,CD8
202.49110585979383,66.380086376015,0.0,CD8
-209.73739912958555,-89.07595997509807,0.0,CD8
318.25515794016604,201.62560324506336,0.0,CD8
190.89544711652846,-109.2538429471199,0.0,CD8
-72.01291863568117,-319.51479991404005,0.0,CD8
56.463006665604446,276.0665812812667,0.0,CD8
-248.08492772657863,-165.11509243860868,0.0,CD8
-138.78071039221678,278.7048460722095,0.0,CD8
276.75136025108844,210.34206317828844,0.0,CD8
-57.603160700302084,-237.54660832213315,0.0,CD8
242.62110781253077,19.70448565180436,0.0,CD8
354.9577250497518,-96.7899369172698,0.0,CD8
319.7337151616984,189.2429177977763,0.0,CD8
-196.72423427324276,-156.86702209863486,0.0,CD8
100.8259093031098,203.8525534631186,0.0,CD8
-298.78247471515755,-170.95649194817275,0.0,CD8
-126.92998463509184,347.4569541065522,0.0,CD8
-190.41531159239753,-208.9898622250579,0.0,CD8
-76.00227728431179,-204.7134757204263,0.0,CD8
214.78200905588022,-220.6386176534722,0.0,CD8
-80.95211856161532,367.1249796326372,0.0,CD8
228.46474184668222,-53.36392861778276,0.0,CD8
-215.56023635332923,-128.51469468568342,0.0,CD8
258.8726387767863,96.94143510352687,0.0,CD8
-335.16161060493556,-95.8791925993053,0.0,CD8
92.00158954348302,-195.29828362282908,0.0,CD8
-83.37384711753413,-207.94144914863497,0.0,CD8
-313.7166153725821,-180.59094306444524,0.0,CD8
-166.06022105337428,-203.23011237495766,0.0,CD8
-109.30208139919672,-349.33408250978454,0.0,CD8
199.11548387231312,74.3563396741217,0.0,CD8
-181.66242017715103,323.8934648127152,0.0,CD8
13.615127290053668,-346.31782723405075,0.0,CD8
-225.15104935997877,-132.28303415580427,0.0,CD8
312.7340961178641,128.47356815686067,0.0,CD8
-288.3870562880514,90.23015980639805,0.0,CD8
210.43078637421783,185.86346774322146,0.0,CD8
-272.89083169421673,233.7405517328628,0.0,CD8
-208.8954648933717,-280.909570555952,0.0,CD8
213.7973664958073,299.90590864233076,0.0,CD8
-257.6572635978972,-145.33170642584068,0.0,CD8
155.0015291399103,158.5957216370682,0.0,CD8
-201.7093578518324,-68.87106266638763,0.0,CD8
-301.53065905803516,-158.39697331582732,0.0,CD8
-249.8323092851648,-64.6128963368596,0.0,CD8
232.0592798723893,-151.35444890208075,0.0,CD8
144.99734872614033,183.2629000374725,0.0,CD8
-323.21077671727227,-221.67791647107447,0.0,CD8
7.545663776693816,-233.85325929410106,0.0,CD8
312.83842293394866,172.46272711207288,0.0,CD8
178.24187141512584,-330.8229250647195,0.0,CD8
372.5252187743636,-145.11523678667837,0.0,CD8
353.7087825462737,-65.31030374638264,0.0,CD8
356.9345535160139,92.32807400095953,0.0,CD8
368.9637812283313,51.485561676216925,0.0,CD8
-362.5165032236823,143.9109370314387,0.0,CD8
